subject,group,window,fit_valid,candidate_peak_hz,individualized_log_ratio
sub-001,A,first60,True,,
sub-001,A,middle60,True,6.074925016790433,-0.08479268848896027
sub-001,A,last60,True,4.6191993302739895,-0.09838278591632843
sub-002,A,first60,True,8.535152603049037,0.476467490196228
sub-002,A,middle60,True,8.608085009276854,0.5111886262893677
sub-002,A,last60,True,8.507039817529186,0.4541085958480835
sub-003,A,first60,True,8.539803350880897,0.3422848582267761
sub-003,A,middle60,True,8.817448411343282,0.05895969271659851
sub-003,A,last60,True,8.494371943551025,0.19437305629253387
sub-004,A,first60,True,5.850330694242894,-0.03494522348046303
sub-004,A,middle60,True,9.913058793060069,-0.01890888810157776
sub-004,A,last60,True,4.625000000000143,0.053687941282987595
sub-005,A,first60,True,12.755267984721902,0.15554003417491913
sub-005,A,middle60,True,,
sub-005,A,last60,True,5.125000000000001,0.04334162920713425
sub-006,A,first60,True,10.78019120721217,-0.11600717157125473
sub-006,A,middle60,True,11.362667616515767,0.42723798751831055
sub-006,A,last60,True,11.422794934142464,-0.03507275879383087
sub-007,A,first60,True,6.971009095164168,-0.04757462441921234
sub-007,A,middle60,True,8.26560018535948,0.011356237344443798
sub-007,A,last60,True,5.378870271387423,-0.19230327010154724
sub-008,A,first60,True,8.752955559134659,0.18037031590938568
sub-008,A,middle60,True,8.317743109270003,0.16236017644405365
sub-008,A,last60,True,8.692831416814425,0.0023377013858407736
sub-009,A,first60,True,10.39724529496764,0.030092410743236542
sub-009,A,middle60,True,11.634903041722621,0.13947007060050964
sub-009,A,last60,True,11.123024728054421,0.13186383247375488
sub-010,A,first60,True,11.435363329244224,0.6397322416305542
sub-010,A,middle60,True,11.733992567313923,0.7052298784255981
sub-010,A,last60,True,11.002371127350866,0.9164073467254639
sub-011,A,first60,True,9.831740519922729,0.9035608172416687
sub-011,A,middle60,True,10.440345607578397,0.9723368883132935
sub-011,A,last60,True,10.569425632405517,0.5575509071350098
sub-012,A,first60,True,8.365921343477703,0.2010907679796219
sub-012,A,middle60,True,9.131583127392924,-0.009571194648742676
sub-012,A,last60,True,8.31432728335961,0.3719989061355591
sub-013,A,first60,True,11.558927822001417,0.45172572135925293
sub-013,A,middle60,True,10.664577942821385,0.3799602687358856
sub-013,A,last60,True,12.324567648563393,0.262969434261322
sub-014,A,first60,True,5.185744366107465,-0.3150751292705536
sub-014,A,middle60,True,4.74044697188647,-0.21800875663757324
sub-014,A,last60,True,4.692421589145812,-0.132433220744133
sub-015,A,first60,True,8.323573027603217,0.22097168862819672
sub-015,A,middle60,True,9.517170941666386,0.9960522651672363
sub-015,A,last60,True,9.00775702431757,0.5239338874816895
sub-016,A,first60,True,7.258816339342443,0.02329087071120739
sub-016,A,middle60,True,8.750000000000002,-0.029796801507472992
sub-016,A,last60,True,11.125000000000037,0.023089712485671043
sub-017,A,first60,True,10.19822463763229,0.3149920403957367
sub-017,A,middle60,True,9.782651349076223,0.1084880530834198
sub-017,A,last60,True,9.36771097661047,0.016826247796416283
sub-018,A,first60,True,10.914679212911507,0.18943487107753754
sub-018,A,middle60,True,8.462845025038037,0.16794432699680328
sub-018,A,last60,True,8.646053304894254,0.15185020864009857
sub-019,A,first60,True,11.108679666374922,0.9402661323547363
sub-019,A,middle60,True,10.068351582651228,0.28829434514045715
sub-019,A,last60,True,10.890694042745872,0.2685778737068176
sub-020,A,first60,True,12.079569075061627,0.3252769112586975
sub-020,A,middle60,True,7.4422562624663895,0.011625166051089764
sub-020,A,last60,True,11.753517514806811,0.11814271658658981
sub-021,A,first60,True,,
sub-021,A,middle60,True,5.178110833245427,0.025762690231204033
sub-021,A,last60,True,,
sub-022,A,first60,True,9.279229214253354,0.4030981659889221
sub-022,A,middle60,True,8.865693494241071,0.173600971698761
sub-022,A,last60,True,8.77274470637488,0.13732323050498962
sub-023,A,first60,True,9.650153400641706,0.3416554629802704
sub-023,A,middle60,True,9.98969140911949,0.4947347044944763
sub-023,A,last60,True,9.950357615306354,0.38865354657173157
sub-024,A,first60,True,11.106373119179409,0.1348017305135727
sub-024,A,middle60,True,6.161456965935899,-0.3848789632320404
sub-024,A,last60,True,7.210734899338403,-0.26556241512298584
sub-025,A,first60,True,8.878355184526683,1.1794613599777222
sub-025,A,middle60,True,9.288496092410426,1.692901372909546
sub-025,A,last60,True,9.380616327297984,1.1512402296066284
sub-026,A,first60,True,,
sub-026,A,middle60,True,,
sub-026,A,last60,True,4.500000000000001,-0.024061983451247215
sub-027,A,first60,True,4.385058076149454,-0.16942846775054932
sub-027,A,middle60,True,5.171160775027414,-0.3656404912471771
sub-027,A,last60,True,4.734321912407931,-0.3798540532588959
sub-028,A,first60,True,7.9404445991330155,-0.2802887558937073
sub-028,A,middle60,True,10.59666490894483,-0.12264527380466461
sub-028,A,last60,True,7.04748284277874,-0.2628445029258728
sub-029,A,first60,True,5.469839902590692,-0.09458303451538086
sub-029,A,middle60,True,5.619002394572368,0.06597900390625
sub-029,A,last60,True,7.676725897304017,-0.052216414362192154
sub-030,A,first60,True,7.248109336556836,-0.49614036083221436
sub-030,A,middle60,True,,
sub-030,A,last60,True,4.13104908874456,-0.32234829664230347
sub-031,A,first60,True,8.79616114895891,1.0159252882003784
sub-031,A,middle60,True,9.04677653058044,0.5569154024124146
sub-031,A,last60,True,8.7497933861458,0.728438138961792
sub-032,A,first60,True,10.74729009442836,0.5318176746368408
sub-032,A,middle60,True,6.532245459642846,0.08791503310203552
sub-032,A,last60,True,13.736458342217201,0.2661970555782318
sub-033,A,first60,True,12.23964590180206,0.10151838511228561
sub-033,A,middle60,True,11.482421355713022,0.12456035614013672
sub-033,A,last60,True,11.220244077270056,-0.1018856093287468
sub-034,A,first60,True,7.377071177544732,0.005454300902783871
sub-034,A,middle60,True,11.940520456881101,0.4549823999404907
sub-034,A,last60,True,5.57141102139731,0.08379946649074554
sub-035,A,first60,True,6.627697360045804,-0.1329653412103653
sub-035,A,middle60,True,6.137596488370924,-0.19933058321475983
sub-035,A,last60,True,6.949638928971347,-0.33247727155685425
sub-036,A,first60,True,13.022769634564353,0.21094895899295807
sub-036,A,middle60,True,11.56102793315456,0.15000788867473602
sub-036,A,last60,True,12.909401275066994,0.0415182039141655
sub-037,C,first60,True,8.570495780168098,0.9553672671318054
sub-037,C,middle60,True,8.416777838921012,1.0659984350204468
sub-037,C,last60,True,8.535904213214609,0.7816141843795776
sub-038,C,first60,True,4.4314873103313115,0.03267303481698036
sub-038,C,middle60,True,10.383224812865409,0.8593745231628418
sub-038,C,last60,True,9.748730501044266,0.7234464883804321
sub-039,C,first60,True,8.624791188610061,0.607450008392334
sub-039,C,middle60,True,9.235165130166969,0.5629874467849731
sub-039,C,last60,True,8.506427911188949,0.5985399484634399
sub-040,C,first60,True,8.609236591506123,0.6049138903617859
sub-040,C,middle60,True,8.882246526999209,1.1016830205917358
sub-040,C,last60,True,9.141096701925798,1.5229657888412476
sub-041,C,first60,True,10.70553679702712,0.8818216919898987
sub-041,C,middle60,True,10.506157767042197,0.6269463300704956
sub-041,C,last60,True,4.254897667091235,0.011816976591944695
sub-042,C,first60,True,9.324400323009883,0.8542506098747253
sub-042,C,middle60,True,9.580095412456632,1.0724924802780151
sub-042,C,last60,True,9.336737218849205,0.8164854049682617
sub-043,C,first60,True,10.10696784296731,0.17463873326778412
sub-043,C,middle60,True,9.080521913155858,0.4983348548412323
sub-043,C,last60,True,10.735502370735228,0.0504857636988163
sub-044,C,first60,True,11.123289928446038,1.0013729333877563
sub-044,C,middle60,True,11.268642947983711,1.345347285270691
sub-044,C,last60,True,10.947917669486015,1.2242389917373657
sub-045,C,first60,True,12.632999719588398,0.41694822907447815
sub-045,C,middle60,True,11.416468472636376,0.6931483745574951
sub-045,C,last60,True,11.276180675052409,0.12845326960086823
sub-046,C,first60,True,8.637690828298728,1.004111647605896
sub-046,C,middle60,True,9.568436491330402,1.0289225578308105
sub-046,C,last60,True,9.262842391268439,0.45171114802360535
sub-047,C,first60,True,10.398514292744533,0.5033336877822876
sub-047,C,middle60,True,10.589481810271598,0.7389741539955139
sub-047,C,last60,True,10.667966499624086,0.44510433077812195
sub-048,C,first60,True,9.482713388507179,1.2081868648529053
sub-048,C,middle60,True,9.74338925657082,0.7238374352455139
sub-048,C,last60,True,9.387790033585883,1.087924599647522
sub-049,C,first60,True,9.593976603810372,1.5800343751907349
sub-049,C,middle60,True,9.795010254338369,1.5084266662597656
sub-049,C,last60,True,10.31176570708646,1.5732089281082153
sub-050,C,first60,True,9.710071646756786,0.845777153968811
sub-050,C,middle60,True,10.171635516219402,1.0569454431533813
sub-050,C,last60,True,9.91418554590812,0.5613951683044434
sub-051,C,first60,True,10.440038501667601,0.3626418113708496
sub-051,C,middle60,True,9.966377426048506,0.20356161892414093
sub-051,C,last60,True,9.475482917471643,0.2679748833179474
sub-052,C,first60,True,9.691899690009173,1.2749704122543335
sub-052,C,middle60,True,10.048409227315073,0.7855737805366516
sub-052,C,last60,True,10.353234440855235,0.04408961907029152
sub-053,C,first60,True,7.903104216546026,0.3440420925617218
sub-053,C,middle60,True,8.174911536116493,0.5645268559455872
sub-053,C,last60,True,8.112605530888708,0.4703702926635742
sub-054,C,first60,True,9.612625055372895,0.4492660462856293
sub-054,C,middle60,True,10.361510017484717,0.45125454664230347
sub-054,C,last60,True,10.099526722152927,0.5252066850662231
sub-055,C,first60,True,10.910231980450009,0.5540884733200073
sub-055,C,middle60,True,11.217687245348266,1.6142003536224365
sub-055,C,last60,True,10.512786128082318,0.9725338220596313
sub-056,C,first60,True,8.908649304176894,0.1575971394777298
sub-056,C,middle60,True,9.520782711549746,0.13143600523471832
sub-056,C,last60,True,8.984380744828401,0.6670480370521545
sub-057,C,first60,True,10.635516923587737,1.6600261926651
sub-057,C,middle60,True,11.34488100592716,1.2948793172836304
sub-057,C,last60,True,10.967292988209904,1.2425315380096436
sub-058,C,first60,True,9.280388742744622,0.38758477568626404
sub-058,C,middle60,True,8.9640348886828,0.3600442707538605
sub-058,C,last60,True,9.005213245819524,0.2114655077457428
sub-059,C,first60,True,5.301628416963646,0.022384479641914368
sub-059,C,middle60,True,10.173798611639027,0.32418292760849
sub-059,C,last60,True,10.300922936375626,0.11472629010677338
sub-060,C,first60,True,10.800420376930157,0.08768825232982635
sub-060,C,middle60,True,,
sub-060,C,last60,True,11.935501826689665,0.02669585309922695
sub-061,C,first60,True,9.880172041550772,0.4905547499656677
sub-061,C,middle60,True,10.076833905004833,0.7916115522384644
sub-061,C,last60,True,9.888259399942612,0.7743356823921204
sub-062,C,first60,True,9.029198214061381,1.408198356628418
sub-062,C,middle60,True,8.951434057805344,1.4618180990219116
sub-062,C,last60,True,9.105983589584165,0.9707531332969666
sub-063,C,first60,True,10.279956928222427,1.015075922012329
sub-063,C,middle60,True,9.756642258638198,0.6370378732681274
sub-063,C,last60,True,9.850112568836687,0.1663622409105301
sub-064,C,first60,True,9.309495138592087,1.369117259979248
sub-064,C,middle60,True,10.066972634391313,0.991409182548523
sub-064,C,last60,True,9.38072409606428,1.0051857233047485
sub-065,C,first60,True,10.550688333496517,0.3921787142753601
sub-065,C,middle60,True,10.588729795667934,0.8064498901367188
sub-065,C,last60,True,10.623335901911155,0.5950131416320801
sub-066,F,first60,True,8.527423154777233,0.18405698239803314
sub-066,F,middle60,True,7.856315338279185,0.35668620467185974
sub-066,F,last60,True,7.916073578371782,0.28796708583831787
sub-067,F,first60,True,11.916015951393325,0.029814522713422775
sub-067,F,middle60,True,11.468750391048856,-0.0294038113206625
sub-067,F,last60,True,12.034336934793222,-0.14025211334228516
sub-068,F,first60,True,10.791557346494148,0.3516820967197418
sub-068,F,middle60,True,8.683921009417386,0.5788928270339966
sub-068,F,last60,True,8.825618255892586,0.3901369273662567
sub-069,F,first60,True,8.232343592434765,0.7298449873924255
sub-069,F,middle60,True,8.632203859426308,0.5663858652114868
sub-069,F,last60,True,8.605135532057876,0.6016589999198914
sub-070,F,first60,True,13.42210713051523,0.12118515372276306
sub-070,F,middle60,True,,
sub-070,F,last60,True,13.12964873137934,0.1447719931602478
sub-071,F,first60,True,9.789136241953553,0.07199884206056595
sub-071,F,middle60,True,9.165280741631328,0.4226298928260803
sub-071,F,last60,True,9.418496621610966,0.07789941877126694
sub-072,F,first60,True,7.289391144790352,0.16144117712974548
sub-072,F,middle60,True,6.874999999999999,-0.01870323345065117
sub-072,F,last60,True,7.112060938575705,0.09604101628065109
sub-073,F,first60,True,9.454551671956391,0.4182111322879791
sub-073,F,middle60,True,9.93093928640341,0.4803641438484192
sub-073,F,last60,True,9.265647064856026,0.18099600076675415
sub-074,F,first60,True,8.847788520451967,0.33457082509994507
sub-074,F,middle60,True,10.019597625682243,0.6148593425750732
sub-074,F,last60,True,9.751477968515982,0.28324413299560547
sub-075,F,first60,True,10.04660757709948,0.9160643815994263
sub-075,F,middle60,True,10.693667491407057,1.2362385988235474
sub-075,F,last60,True,10.942853339767082,1.1738996505737305
sub-076,F,first60,True,8.013573476051112,0.1097947210073471
sub-076,F,middle60,True,,
sub-076,F,last60,True,,
sub-077,F,first60,True,8.487770562090205,0.026458466425538063
sub-077,F,middle60,True,10.83129250900755,0.21969476342201233
sub-077,F,last60,True,10.712224234578853,-0.01674194447696209
sub-078,F,first60,True,13.750000000000002,-0.2748798727989197
sub-078,F,middle60,True,9.457873434133036,-0.06636106222867966
sub-078,F,last60,True,10.519878729661963,-0.08697943389415741
sub-079,F,first60,True,10.190265635899587,0.8312913179397583
sub-079,F,middle60,True,10.720827025048406,1.3155087232589722
sub-079,F,last60,True,9.431586634679494,0.04462536796927452
sub-080,F,first60,True,9.388799892785979,1.6124672889709473
sub-080,F,middle60,True,9.759734637978557,1.6917407512664795
sub-080,F,last60,True,9.743835020865047,1.6487107276916504
sub-081,F,first60,True,10.698809311496198,0.14623452723026276
sub-081,F,middle60,True,10.794017086289733,0.3752579391002655
sub-081,F,last60,True,8.253412529090987,0.005010192282497883
sub-082,F,first60,True,9.051991783676565,0.6607778072357178
sub-082,F,middle60,True,9.433641198268829,0.6783318519592285
sub-082,F,last60,True,11.412636862689167,0.3661998510360718
sub-083,F,first60,True,7.172531223894818,-0.056083932518959045
sub-083,F,middle60,True,,
sub-083,F,last60,True,12.424792245563077,-0.03221789374947548
sub-084,F,first60,True,13.669493429619921,0.3360949158668518
sub-084,F,middle60,True,7.290190253899379,-0.011195450089871883
sub-084,F,last60,True,6.905486700573846,0.062363505363464355
sub-085,F,first60,True,,
sub-085,F,middle60,True,,
sub-085,F,last60,True,5.515661305226811,-0.07093770056962967
sub-086,F,first60,True,10.2173152142462,0.4359426200389862
sub-086,F,middle60,True,11.143399366152362,0.5888874530792236
sub-086,F,last60,True,10.83827610203958,0.2403576821088791
sub-087,F,first60,True,11.003921590180251,0.23534488677978516
sub-087,F,middle60,True,11.169540284609905,0.26433172821998596
sub-087,F,last60,True,10.58756474200387,0.2263096123933792
sub-088,F,first60,True,9.54943432454267,0.38402798771858215
sub-088,F,middle60,True,9.828171197953278,0.6782819032669067
sub-088,F,last60,True,10.137699084067131,0.39954566955566406
