score,log_posterior_frontal_alpha,log_theta_alpha,score_average19,subject,state,start_seconds
0.20050065291400376,1.264068841934204,-0.760547935962677,0.31570426947588803,sub-032303,EC,0.0
0.33280852465949573,1.2594220638275146,-0.5244325995445251,0.37130637801030564,sub-032303,EC,4.0
0.14724642929979892,2.030984401702881,-0.8803646564483643,0.29895076947506904,sub-032303,EC,8.0
0.32004436850586415,1.5137393474578857,-1.1307002305984497,0.4168460178629515,sub-032303,EC,12.0
0.3713250669990834,1.295120120048523,-0.7077598571777344,0.47109119453814363,sub-032303,EC,16.0
0.3434564451539881,0.6273271441459656,-0.11841891705989838,0.3544866842686777,sub-032303,EC,20.0
0.5813781957593225,0.598793089389801,-0.6723235249519348,0.4401645941332092,sub-032303,EC,24.0
0.46323997280982343,1.4953935146331787,-0.6185283064842224,0.5160950662339555,sub-032303,EC,28.0
0.6434256678229666,0.5878744125366211,0.3837210536003113,0.9339554785429243,sub-032303,EC,32.0
0.38009800164024876,1.9454693794250488,-1.3514927625656128,0.25898949367645985,sub-032303,EC,36.0
0.3163238091800096,2.3623876571655273,-1.1372369527816772,0.2731008776301649,sub-032303,EC,40.0
0.3822003532656131,1.012207269668579,-0.3100574016571045,0.5038386877569723,sub-032303,EC,44.0
0.3455261782817838,2.198784112930298,-0.8405996561050415,0.4389155506107876,sub-032303,EC,48.0
0.4341885319043782,1.0137584209442139,-0.14207029342651367,0.5357367501128716,sub-032303,EO,0.0
0.37089347135918194,1.0098705291748047,-0.34923821687698364,0.5250568281822119,sub-032303,EO,4.0
1.0635864461613873,0.6440749764442444,0.2831449806690216,1.14090737920532,sub-032303,EO,8.0
0.4421145848173136,0.5249670743942261,-0.47622179985046387,0.6320935574435439,sub-032303,EO,12.0
0.33492846962966016,0.8938363194465637,-0.05261357128620148,0.5441731691452283,sub-032303,EO,16.0
0.36862163802194137,0.8105911612510681,0.18389253318309784,0.6639910097259099,sub-032303,EO,20.0
0.6081701586060133,0.669546365737915,-0.09604749828577042,0.8684527593240692,sub-032303,EO,24.0
0.9986048419261926,0.2328587770462036,0.16140802204608917,0.8678670405079307,sub-032303,EO,28.0
1.3244209779980813,-0.050326231867074966,0.13952690362930298,1.392900088128924,sub-032303,EO,32.0
0.727225743692043,0.6323539614677429,-0.2043670117855072,0.981849269199997,sub-032303,EO,36.0
0.9490966743955316,0.4487007260322571,0.6323637962341309,1.2635984616266864,sub-032303,EO,40.0
1.1425138930179504,0.10052531212568283,0.20660674571990967,1.1018845213611366,sub-032303,EO,44.0
0.7449677148455751,0.8621000051498413,-0.5252215266227722,1.1016410909903804,sub-032303,EO,48.0
0.8972692589099635,0.04463779553771019,0.09195077419281006,1.416120254416054,sub-032303,EO,52.0
0.25876505218091383,3.135194778442383,-2.1083922386169434,0.5146496196740389,sub-032308,EC,0.0
0.47457963339496045,2.604836940765381,-1.762360692024231,0.7139764460167403,sub-032308,EC,4.0
0.45138041571893484,2.4434680938720703,-1.8028932809829712,0.5858138707354319,sub-032308,EC,8.0
0.5129121113769222,1.9789090156555176,-1.810796856880188,0.7283245181111376,sub-032308,EC,12.0
0.26333527468672635,2.158040761947632,-1.8557097911834717,0.3102003567984263,sub-032308,EC,16.0
0.23275946932990976,2.4117653369903564,-1.4674153327941895,0.30303278484280993,sub-032308,EC,20.0
0.3185170435199265,2.695244073867798,-2.133298397064209,0.46236064172276536,sub-032308,EC,24.0
0.4415082433602513,2.300083875656128,-2.0298821926116943,0.720465279767978,sub-032308,EC,28.0
0.511953600566615,2.37697434425354,-2.3256163597106934,0.7523282936006532,sub-032308,EC,32.0
0.4794875583166912,2.3084042072296143,-2.336799383163452,0.7076134887352339,sub-032308,EC,36.0
0.43482874169830477,2.7383639812469482,-2.265547275543213,0.6386996533932328,sub-032308,EC,40.0
0.4703026540928732,2.749645471572876,-2.101503610610962,0.7467612343165442,sub-032308,EC,44.0
0.5094885575196688,2.280991554260254,-2.061688184738159,0.7768884613241718,sub-032308,EC,48.0
0.4237477941278479,2.9728806018829346,-2.1423089504241943,0.6565628069420504,sub-032308,EC,52.0
0.17607625346737565,1.5219851732254028,0.35470879077911377,0.3915812655566123,sub-032308,EO,0.0
0.24732482519036103,1.0902047157287598,0.6192015409469604,0.3204272157404351,sub-032308,EO,4.0
0.21397625211685212,1.1378521919250488,0.46146708726882935,0.4726981672742956,sub-032308,EO,8.0
1.2617314718233021,1.0202114582061768,0.20896323025226593,0.9714025767724165,sub-032308,EO,12.0
0.5631202738649626,1.0077451467514038,0.05970047786831856,1.124102511230187,sub-032308,EO,16.0
0.5559123757467463,1.5063059329986572,0.05669078603386879,0.9696852166998174,sub-032308,EO,20.0
0.542605422443359,1.1943174600601196,0.11448115110397339,0.6992793935440684,sub-032308,EO,24.0
0.4717467223954087,1.275716781616211,-0.48942625522613525,0.793474069803048,sub-032308,EO,28.0
1.1655798327869338,0.7005606889724731,-0.32931697368621826,1.0720606196162032,sub-032308,EO,32.0
1.30428356818578,0.23190906643867493,0.42415618896484375,1.3974892401758379,sub-032308,EO,36.0
1.1218151270151258,0.7726280093193054,0.10341418534517288,1.040419745089026,sub-032308,EO,40.0
0.8561174011694676,0.7563797831535339,0.02622740902006626,1.0424207293167238,sub-032308,EO,44.0
1.1067356776475956,0.5275940895080566,0.09565997123718262,1.0619805934117068,sub-032308,EO,48.0
0.8861887708631152,0.7404807806015015,-0.3607175648212433,0.9579443311813981,sub-032308,EO,52.0
0.4230691451894235,1.7390416860580444,0.24537339806556702,0.3051278138581769,sub-032318,EC,0.0
0.26649686009620843,2.3113367557525635,-0.45496582984924316,0.27352219032459313,sub-032318,EC,4.0
0.3213045332993678,2.1992945671081543,-0.21950577199459076,0.37272171079694694,sub-032318,EC,8.0
0.25504783366066,2.721315622329712,-0.4216293692588806,0.3025234254396667,sub-032318,EC,12.0
0.29861553556515097,2.510575771331787,-0.5156326293945312,0.529569082797797,sub-032318,EC,16.0
0.29877749100947426,3.7213869094848633,-1.8847068548202515,0.6003160201186712,sub-032318,EC,20.0
0.28108390482222345,3.611492156982422,-1.9051328897476196,0.4176549974417536,sub-032318,EC,32.0
0.3079564291431093,4.08051061630249,-2.1861414909362793,0.4356633248563688,sub-032318,EC,36.0
0.29560041863334674,3.6986305713653564,-1.7430634498596191,0.29462922487348076,sub-032318,EC,40.0
0.3640314460409966,3.499311685562134,-1.5183287858963013,0.5490248236930253,sub-032318,EC,44.0
0.3369673529970101,2.8552494049072266,-1.552564263343811,0.31814708782491075,sub-032318,EC,48.0
0.7164792024994528,1.874356985092163,-0.5545494556427002,0.7891783557509177,sub-032318,EO,4.0
0.5692402582738126,2.5189990997314453,-0.5946559309959412,0.6467978077255532,sub-032318,EO,8.0
0.4498791890717255,2.249518871307373,-0.2551398277282715,0.601741205989555,sub-032318,EO,12.0
0.6719153424225981,1.9744234085083008,-0.5205313563346863,0.6697052678688906,sub-032318,EO,16.0
0.6167520612253323,2.278456687927246,-0.2871621251106262,0.5684819343153988,sub-032318,EO,20.0
0.4902939817467734,1.898659110069275,-0.4434319734573364,0.4549141061387394,sub-032318,EO,24.0
0.5090693122748569,1.7817907333374023,-0.7808318138122559,0.6139206227978522,sub-032318,EO,28.0
0.8441979145628536,2.0644259452819824,-0.11062468588352203,0.9057788404664828,sub-032318,EO,32.0
0.8766197917686542,2.147392749786377,-0.0603199228644371,0.7777324707017719,sub-032318,EO,36.0
0.5374352232684338,2.7015483379364014,-0.9186792969703674,0.5787100399984655,sub-032318,EO,40.0
0.5492185968843744,2.2517027854919434,-0.8997229337692261,0.6458656574354682,sub-032318,EO,52.0
0.9667702346540344,0.6763499975204468,0.002057223115116358,0.9296810292343283,sub-032331,EC,0.0
1.7806741951474492,0.1387585997581482,0.24200625717639923,1.5429476898761598,sub-032331,EC,4.0
0.4763498737596291,0.6873531341552734,-0.09439894556999207,0.7748775502822682,sub-032331,EC,8.0
0.5808504689692799,0.5635735392570496,0.326489120721817,0.5544161533360312,sub-032331,EC,12.0
1.2974642764314983,0.3210010528564453,0.007314212154597044,0.9994726410470021,sub-032331,EC,16.0
1.6134995350189687,0.462380588054657,0.15473565459251404,1.5202991933950565,sub-032331,EC,20.0
1.3175884207395014,0.18167825043201447,0.07289130985736847,1.1731211955727199,sub-032331,EC,24.0
1.5486643038661958,-0.055948078632354736,-0.23824895918369293,1.5129144517028852,sub-032331,EC,28.0
1.4164779994955974,0.18218478560447693,0.6408134698867798,1.6240185866010557,sub-032331,EC,32.0
0.6379563024288362,0.916553258895874,0.05702481418848038,0.8741836256444533,sub-032331,EC,36.0
0.6754792155418894,0.9371189475059509,0.30310946702957153,0.42642249242299457,sub-032331,EC,40.0
0.5155042141573583,0.5218643546104431,0.1843317300081253,0.5555442756963291,sub-032331,EC,44.0
1.5238200723294477,0.6461251974105835,0.004274161998182535,1.4248614687066725,sub-032331,EC,48.0
0.7319547050879271,1.1569812297821045,-0.6464049220085144,0.9634956094619804,sub-032331,EO,0.0
1.4148102916339151,-0.1324722021818161,-0.5827547311782837,1.5081324242922554,sub-032331,EO,4.0
0.5417816780540362,1.1199167966842651,0.2291729599237442,0.5176112780489015,sub-032331,EO,8.0
0.5209330977952553,0.9374961853027344,0.03943488374352455,0.646068782659901,sub-032331,EO,12.0
0.47893330342227347,1.1689152717590332,0.30918461084365845,0.6357638837200563,sub-032331,EO,16.0
1.0505936595674497,0.49177759885787964,-0.22705836594104767,0.9957843120902734,sub-032331,EO,20.0
0.2189241161815707,1.5895795822143555,-0.36183032393455505,0.35027323901828267,sub-032331,EO,24.0
1.0795607296762124,0.8011260032653809,0.026707343757152557,0.9614203921442046,sub-032331,EO,28.0
1.3017013523610803,0.8266737461090088,-0.10597200691699982,1.0117321503708165,sub-032331,EO,32.0
0.6048974807741636,0.8247369527816772,0.659656286239624,0.6771319937301707,sub-032331,EO,36.0
0.5481810386884669,1.0269370079040527,0.25420045852661133,0.6140452351163359,sub-032331,EO,40.0
1.0464187527899818,0.9679050445556641,0.015544797293841839,1.0985373371933602,sub-032331,EO,44.0
0.8838513317391321,0.9721076488494873,-0.48301708698272705,0.9400745742488903,sub-032331,EO,48.0
0.7001585237630548,1.3335403203964233,-0.5192662477493286,0.8493387888240836,sub-032337,EC,0.0
0.5361900557029005,2.191023588180542,-1.7670437097549438,0.806608013741912,sub-032337,EC,4.0
0.418200825828552,2.5275049209594727,-1.5534344911575317,0.5444758032436754,sub-032337,EC,8.0
0.417300055969022,2.586422920227051,-1.6681888103485107,0.5711867404440827,sub-032337,EC,12.0
0.5045879780197943,2.785414457321167,-2.2019340991973877,0.8382180089104431,sub-032337,EC,16.0
0.44076245526993196,2.061947822570801,-1.8137083053588867,0.6504815350939448,sub-032337,EC,20.0
0.5834446115247898,2.08848237991333,-1.9573960304260254,0.739509581474934,sub-032337,EC,24.0
0.36437663441299695,2.5696024894714355,-2.1383216381073,0.6054662340376877,sub-032337,EC,28.0
0.36268402751669804,2.0230298042297363,-1.6314077377319336,0.6300702330885888,sub-032337,EC,32.0
0.4399165347114363,2.6649575233459473,-1.6528204679489136,0.599733221613677,sub-032337,EC,36.0
0.47386062514870775,1.9194581508636475,-1.2673283815383911,0.5185506994836636,sub-032337,EC,40.0
0.6046521807292997,2.233041763305664,-1.2779284715652466,0.7415903094068539,sub-032337,EC,44.0
0.372474041996971,2.569763660430908,-1.8471723794937134,0.6391404380758376,sub-032337,EC,48.0
0.7955726276531536,1.8507862091064453,-1.4100478887557983,0.9777519211394353,sub-032337,EC,52.0
1.3069452850830023,0.1818057745695114,-0.25238120555877686,1.2825786267178068,sub-032337,EO,0.0
0.33223650158073725,1.3894565105438232,-0.5520681738853455,0.47267276179531736,sub-032337,EO,4.0
0.9148020646410686,1.2914294004440308,-0.30661922693252563,1.1563729510471135,sub-032337,EO,8.0
0.4353332962321643,1.3132591247558594,-0.3021087944507599,0.8890065088396982,sub-032337,EO,12.0
0.7426744796011262,1.0290546417236328,-0.366460919380188,1.2143178382206425,sub-032337,EO,16.0
0.9930787860275525,0.9006766676902771,-0.10964468121528625,1.3944590095943938,sub-032337,EO,20.0
0.7460743728580359,1.3077505826950073,-0.39338189363479614,1.0406054956514246,sub-032337,EO,24.0
1.184118612466157,1.148549199104309,-0.6061066389083862,1.3228777802115375,sub-032337,EO,28.0
0.6879977729771477,1.2289185523986816,-0.946197509765625,0.9119646504276714,sub-032337,EO,32.0
0.8132089100880298,0.9506663680076599,-0.1880774050951004,0.9549902524823412,sub-032337,EO,36.0
0.8042324808044856,1.2903969287872314,-0.2034243643283844,1.0244842001961754,sub-032337,EO,40.0
0.9750134692543315,1.0619587898254395,-0.9687918424606323,1.0509872553358066,sub-032337,EO,44.0
1.1037667398516342,1.1010795831680298,-0.7327181696891785,1.2579190093095851,sub-032337,EO,48.0
0.9078541864722838,1.1066646575927734,-0.2677570879459381,1.1778745448020769,sub-032337,EO,52.0
0.33758053612047434,1.549296259880066,0.39123567938804626,0.43803736651608705,sub-032338,EC,0.0
0.5023604608208334,1.0639050006866455,0.5065740346908569,0.5793230057776654,sub-032338,EC,4.0
1.178432770726059,0.7603115439414978,0.8324258327484131,1.107733592375107,sub-032338,EC,8.0
1.1299840947177853,1.0869660377502441,0.9226914048194885,1.06447518539906,sub-032338,EC,12.0
0.6734511379129885,1.20554780960083,0.6884236335754395,0.6503474142694864,sub-032338,EC,16.0
0.7696275143806451,1.1243946552276611,0.5529367923736572,1.0089984122132638,sub-032338,EC,20.0
0.3561369835054603,1.6351169347763062,0.1925743967294693,0.3634589896437189,sub-032338,EC,24.0
0.7566009340833311,0.9830683469772339,0.1793670803308487,0.7942844585874774,sub-032338,EC,28.0
1.091295498256499,1.1760709285736084,0.8550713658332825,0.894715068925408,sub-032338,EC,32.0
0.5967021146710128,0.875099241733551,0.32003602385520935,1.0229367847322492,sub-032338,EC,36.0
1.2942400709827695,0.8745104670524597,0.7345097064971924,1.072481647019231,sub-032338,EC,40.0
0.6514635373993795,1.2961710691452026,0.42765551805496216,0.5877205678146968,sub-032338,EC,44.0
1.0381856293267189,0.8779564499855042,0.4725174307823181,0.8609563897195766,sub-032338,EC,48.0
0.683640237168351,1.2810064554214478,0.42356210947036743,0.9521550361022013,sub-032338,EC,52.0
0.5772229258530238,1.0254706144332886,0.5677263140678406,0.5183884104257608,sub-032338,EO,0.0
1.164041314482364,0.671988844871521,0.6875560283660889,0.9184621939073767,sub-032338,EO,4.0
0.6111847460983089,0.9582717418670654,0.17658810317516327,0.7685208511792683,sub-032338,EO,8.0
0.9392184585878047,1.0088367462158203,1.1930789947509766,0.8117792958560979,sub-032338,EO,12.0
0.49573649617341564,1.023067831993103,0.3358900547027588,0.5213635046744404,sub-032338,EO,16.0
1.1033498193913407,1.0253114700317383,0.6566681861877441,1.0164196733691429,sub-032338,EO,20.0
0.5011347252739211,0.8720095157623291,0.32605862617492676,0.6345459474241544,sub-032338,EO,24.0
1.0961063939495101,0.6094088554382324,0.6896799206733704,0.8886202129121858,sub-032338,EO,28.0
1.424689299665467,0.9076027870178223,0.9534042477607727,1.0770040519623414,sub-032338,EO,32.0
0.7675244288937779,0.6824200749397278,0.2665932774543762,1.1770485141636235,sub-032338,EO,36.0
0.37836605519492283,1.0078344345092773,0.7099764943122864,0.5907860627535323,sub-032338,EO,40.0
1.0842763375692346,0.6484365463256836,0.7120032906532288,0.7615652515620082,sub-032338,EO,44.0
1.1825359366891428,0.7814526557922363,0.8362744450569153,1.0708638260603514,sub-032338,EO,48.0
1.4238485462460222,0.609612226486206,0.5095920562744141,1.0884333965993873,sub-032338,EO,52.0
1.0880432498838337,1.306359887123108,-0.17804107069969177,0.8647042401605247,sub-032340,EC,0.0
1.124899547529767,0.895732581615448,-0.12487932294607162,1.076749778946962,sub-032340,EC,4.0
0.7706624554664592,1.0268877744674683,-0.2718549370765686,0.8433612684859095,sub-032340,EC,8.0
0.43314841180141217,1.8019424676895142,-0.3267809748649597,0.576347647529571,sub-032340,EC,12.0
0.4722376993181754,1.2234323024749756,-0.6695340871810913,0.543014820927739,sub-032340,EC,16.0
0.9293198455943694,0.8498719930648804,-0.14910565316677094,1.1017663919754133,sub-032340,EC,20.0
0.7996193017249563,0.9369519948959351,-0.4547368288040161,0.9444056086002998,sub-032340,EC,24.0
0.28582162345995454,1.0417674779891968,-0.5503379702568054,0.41817522141648966,sub-032340,EC,36.0
0.9582348008499739,0.6424318552017212,-0.31633591651916504,0.943565545813998,sub-032340,EC,40.0
0.4028366164208399,1.3154774904251099,-0.24554921686649323,0.547126890895714,sub-032340,EC,44.0
1.4466603285909696,0.22154678404331207,-0.3383939266204834,1.3529442401834184,sub-032340,EC,48.0
0.9074600884769011,1.246480941772461,-0.2264268845319748,0.9254052580664253,sub-032340,EO,4.0
0.3049494340832136,1.4815987348556519,0.2379360944032669,0.2425008471610729,sub-032340,EO,8.0
0.5968337969412537,1.4934072494506836,0.052986327558755875,0.6484683016174372,sub-032340,EO,12.0
1.6827690641120712,0.8207564353942871,-0.24653267860412598,1.1626559014346396,sub-032340,EO,16.0
0.9823783696661277,1.1667592525482178,0.005263637751340866,1.0137101201624246,sub-032340,EO,20.0
1.6344798967937688,0.3455076217651367,0.1053311750292778,1.4714243303849623,sub-032340,EO,24.0
0.7234847022025908,1.2266093492507935,-0.5675016641616821,0.892670165033665,sub-032340,EO,28.0
0.34268825413950377,1.7565255165100098,-0.8207941055297852,0.556530975152917,sub-032340,EO,32.0
1.0734346727316333,1.0645503997802734,-0.06787711381912231,0.7649989559040026,sub-032340,EO,36.0
1.5925315835651102,0.7015361785888672,-0.3114863932132721,1.4813972433142704,sub-032340,EO,40.0
0.7975557007150457,1.2128328084945679,-0.08240124583244324,0.9219319877635528,sub-032340,EO,44.0
0.6223372295535633,1.0292060375213623,-0.1504034399986267,0.8570102461672379,sub-032340,EO,48.0
0.7149998132693662,0.2541246712207794,0.40962567925453186,0.8257552230894742,sub-032341,EC,0.0
0.6468411907478027,0.5389529466629028,0.8701127171516418,0.8063344139820082,sub-032341,EC,4.0
0.3610220139989063,1.0768866539001465,0.5143334865570068,0.42141845610494155,sub-032341,EC,8.0
0.5418185210598976,0.7010441422462463,0.5887758731842041,0.9869971944147615,sub-032341,EC,12.0
0.32687560013995387,1.567097544670105,0.35391318798065186,0.44701311158296086,sub-032341,EC,16.0
0.4962831698314939,0.5159472227096558,0.6283093094825745,0.8534165651029492,sub-032341,EC,20.0
0.5204649112828661,0.679048478603363,0.415097713470459,0.9321105619722713,sub-032341,EC,24.0
0.3168710009139324,1.2928378582000732,0.5867078304290771,0.3324341179993219,sub-032341,EC,28.0
0.2362702107132688,1.018481969833374,0.4476187229156494,0.40299181341892476,sub-032341,EC,32.0
0.4575245818304047,0.5999395251274109,0.71523517370224,0.8381534867215205,sub-032341,EC,36.0
0.33356162793308386,1.3285202980041504,0.14341838657855988,0.4682150782136262,sub-032341,EC,40.0
0.37801816701324653,1.1658076047897339,0.13401728868484497,0.496743896125336,sub-032341,EC,44.0
0.6943187126218917,0.6136655211448669,0.18272681534290314,1.0018756256461183,sub-032341,EC,48.0
0.2128887165584903,1.338761568069458,0.1597180962562561,0.4134355884703931,sub-032341,EC,52.0
0.9004348723124511,0.5470611453056335,-0.0402117520570755,0.9677870398142836,sub-032341,EO,4.0
0.5072598002420106,0.6022485494613647,0.09510904550552368,0.8532277878666471,sub-032341,EO,8.0
0.9362107464402422,0.283081591129303,0.14991092681884766,1.124091583040237,sub-032341,EO,12.0
1.0537143198958137,0.47569218277931213,-0.09810378402471542,1.135980143227849,sub-032341,EO,16.0
1.1286189395850643,0.3989037275314331,-0.017033888027071953,1.1074497989837178,sub-032341,EO,20.0
0.6892767329544631,0.3836789131164551,-0.17552925646305084,0.779281466982729,sub-032341,EO,24.0
1.329115263736258,-0.12210636585950851,-0.13459284603595734,1.3334677750822912,sub-032341,EO,28.0
0.3945086587194657,1.0508487224578857,0.4540753662586212,0.5456076734670006,sub-032341,EO,32.0
0.8197546312623238,0.5033325552940369,0.17146308720111847,0.8584221690575338,sub-032341,EO,36.0
0.7356248187571326,1.2014515399932861,-0.37117427587509155,1.063566726996031,sub-032341,EO,40.0
0.96883442046845,0.3736194670200348,-0.09816361218690872,1.0544257805388024,sub-032341,EO,44.0
1.066473180141454,0.47098156809806824,-0.02795884944498539,1.0455635521736697,sub-032341,EO,48.0
0.6083857760872455,1.4447429180145264,-0.3105667531490326,0.6797881564897579,sub-032342,EC,0.0
0.5931579818069315,1.6757447719573975,-0.27855366468429565,0.754472920047067,sub-032342,EC,4.0
0.7299914074708073,1.5860739946365356,-1.214571475982666,0.7103024745946184,sub-032342,EC,8.0
0.6128423545971606,2.1696887016296387,-1.1282718181610107,0.8993768152262152,sub-032342,EC,12.0
0.4082736285942453,1.7101415395736694,-0.49277687072753906,0.6197226511625142,sub-032342,EC,16.0
0.5068454422951647,1.6614351272583008,-0.47848907113075256,0.6209022740011827,sub-032342,EC,20.0
0.4197309919171026,2.458085536956787,-1.021963357925415,0.7211530491913627,sub-032342,EC,24.0
0.29068342179094975,2.7018516063690186,-1.641911268234253,0.6924922912020774,sub-032342,EC,28.0
0.31091994857291183,2.9587955474853516,-1.5587842464447021,0.5943778994776026,sub-032342,EC,32.0
0.40620424606572747,1.7700250148773193,-0.7114770412445068,0.6829159983310089,sub-032342,EC,36.0
0.57356410214697,2.0493383407592773,-0.7294896245002747,0.915065406318109,sub-032342,EC,40.0
0.15012335884970074,1.725073218345642,0.15635865926742554,0.4329292587984811,sub-032342,EC,44.0
0.38540515390826624,1.8262500762939453,-0.6473128199577332,0.44088161431215944,sub-032342,EC,48.0
0.4443559275078558,1.6140201091766357,-0.9148540496826172,0.7118635033963376,sub-032342,EC,52.0
0.6560237270251605,1.11050283908844,0.3747532367706299,0.733240174839884,sub-032342,EO,4.0
0.5636345206714559,1.2181824445724487,0.5865205526351929,0.7321369634112596,sub-032342,EO,8.0
0.5567431551427913,1.0027681589126587,0.31163927912712097,0.8640963735674869,sub-032342,EO,12.0
0.5742912886642867,1.000000238418579,0.17848514020442963,1.1469309438423854,sub-032342,EO,16.0
0.5820756683433043,1.4772498607635498,0.9059242606163025,0.6721828085545494,sub-032342,EO,20.0
0.5293388485534186,1.1986479759216309,0.056538261473178864,0.6143220438981025,sub-032342,EO,24.0
1.1706409406633917,0.5942691564559937,0.23645445704460144,1.1482489722538203,sub-032342,EO,28.0
0.6087700485745664,1.5267300605773926,0.8288116455078125,0.7491279479436221,sub-032342,EO,40.0
0.4176003977184167,1.1704833507537842,0.17564800381660461,0.6887127152432873,sub-032342,EO,44.0
0.9171836128519223,1.3106335401535034,-0.12833234667778015,0.9844656976997307,sub-032342,EO,48.0
0.2563602773667104,1.6859139204025269,-0.09886307269334793,0.39880406814713953,sub-032343,EC,0.0
0.5571032321628541,1.2931424379348755,0.45041441917419434,0.72012010453618,sub-032343,EC,4.0
0.3126586123960071,2.1074306964874268,-0.4085575342178345,0.5286099294568074,sub-032343,EC,8.0
0.40829913619555835,1.3797904253005981,0.34125933051109314,0.36641765201501575,sub-032343,EC,12.0
0.3217216465984155,2.5363659858703613,-0.3096673786640167,0.4733789274451572,sub-032343,EC,16.0
0.30463009163334687,2.887983560562134,-0.5066080093383789,0.4208361030840624,sub-032343,EC,20.0
0.32774325534311965,1.5485496520996094,0.017870020121335983,0.46146056658415124,sub-032343,EC,24.0
0.24064498503301435,2.392190456390381,-0.4861832857131958,0.46673828092869507,sub-032343,EC,28.0
0.22733533903043213,1.8753482103347778,0.1431671679019928,0.2798759931138204,sub-032343,EC,32.0
0.2702556844834295,1.7546300888061523,-0.08150056004524231,0.39716549314434224,sub-032343,EC,36.0
0.34146094462269017,1.5120981931686401,0.1719052791595459,0.5611779376931353,sub-032343,EC,40.0
0.2509273636423659,1.9796671867370605,-0.6807068586349487,0.5759566898291537,sub-032343,EC,44.0
0.24029039081593595,2.4219672679901123,-0.30086347460746765,0.5043052684328826,sub-032343,EC,48.0
0.41187427434699975,1.611933946609497,0.47493410110473633,1.2371381456831236,sub-032343,EO,0.0
1.0539288078938827,0.8144395351409912,0.5114285349845886,1.3165730657957997,sub-032343,EO,4.0
0.7314038023452908,1.1200520992279053,0.1328202188014984,0.8557732361535474,sub-032343,EO,8.0
1.1841496138696037,0.5404418110847473,0.843426525592804,1.2568058654061898,sub-032343,EO,12.0
0.5473704427831517,1.2774640321731567,0.7017310857772827,0.6803175579899954,sub-032343,EO,16.0
0.7103698711964165,1.3612291812896729,0.7104426622390747,0.5805210407318226,sub-032343,EO,20.0
1.0744184706560513,0.9697327613830566,0.6652125120162964,1.1791330936882343,sub-032343,EO,24.0
0.4168908297071078,1.113735318183899,0.3944025933742523,0.6643861219377267,sub-032343,EO,28.0
0.481632602089643,1.1805938482284546,0.24661724269390106,0.5238791754676534,sub-032343,EO,32.0
0.6937075151114197,0.9182708859443665,0.8775365948677063,1.0508180176160862,sub-032343,EO,44.0
0.19265879397088204,1.395026683807373,-1.2612124681472778,0.19602429350110273,sub-032347,EC,0.0
0.399262359187636,0.8799867630004883,-0.8496272563934326,0.3838979515807053,sub-032347,EC,4.0
0.8252062498018858,0.4629361033439636,-0.42531347274780273,0.851928376482912,sub-032347,EC,8.0
0.37128973410265886,0.7002161741256714,-0.66130530834198,0.3529566819212141,sub-032347,EC,12.0
0.25934529197168865,1.7412147521972656,-2.571462392807007,0.24668166806007863,sub-032347,EC,16.0
0.2732006785797857,1.5710878372192383,-1.8602086305618286,0.3973425721599486,sub-032347,EC,20.0
0.16885211304792158,1.3403191566467285,-1.905612826347351,0.27292488310192886,sub-032347,EC,24.0
0.2321451935971538,0.8173814415931702,-1.2361743450164795,0.3553340665058775,sub-032347,EC,28.0
0.28658377005779156,1.9580179452896118,-2.088761568069458,0.20757225713836702,sub-032347,EC,32.0
0.21239191410352887,1.214883804321289,-1.7894617319107056,0.18001414983353936,sub-032347,EC,36.0
0.3196951046387584,1.708248257637024,-2.2681641578674316,0.44099208841547366,sub-032347,EC,40.0
0.1992001023435397,1.2850937843322754,-1.9918328523635864,0.34262642004950616,sub-032347,EC,44.0
0.2831220220612293,1.6675097942352295,-1.9407587051391602,0.29030927795651107,sub-032347,EC,48.0
1.0076369981840978,0.11930320411920547,-0.5948648452758789,1.0232798580398603,sub-032347,EO,0.0
0.9954083885893105,0.1882123202085495,-0.855797290802002,0.9467447846411696,sub-032347,EO,4.0
0.8106590094603741,0.1428871601819992,-0.6438117027282715,1.066147178136456,sub-032347,EO,8.0
0.7998437383576991,0.2271294891834259,-0.9426029920578003,1.2056746769116589,sub-032347,EO,12.0
0.775515823191122,0.011440036818385124,-0.8614258766174316,0.9727533591104515,sub-032347,EO,16.0
1.3168143360732771,-0.4764396548271179,-0.7198218703269958,1.3421233508902488,sub-032347,EO,20.0
1.0916299329198336,0.1831066757440567,-0.42969223856925964,1.12790195492366,sub-032347,EO,24.0
1.6224854844352643,-0.14906470477581024,-0.45894771814346313,1.3100309492038371,sub-032347,EO,28.0
0.4829089488687611,0.21301281452178955,-0.6684063076972961,0.6751241003009365,sub-032347,EO,32.0
0.9328588862855255,0.020867329090833664,-0.7093758583068848,1.0504580036518054,sub-032347,EO,36.0
1.0955145441509875,0.11973488330841064,-0.7573893666267395,1.2769985883491795,sub-032347,EO,40.0
1.4002858831506475,-0.033157993108034134,-0.32080304622650146,1.100786758584701,sub-032347,EO,44.0
1.2090867512496524,-0.2194286733865738,-0.8226236701011658,1.323635534262153,sub-032347,EO,48.0
1.2298313841428152,-0.04808857664465904,-0.6736682653427124,1.2011791008785155,sub-032347,EO,52.0
0.40358406307850514,1.3030236959457397,-1.090394139289856,0.6928748322563532,sub-032372,EC,0.0
0.5784341516678237,1.0519042015075684,-1.0633175373077393,0.8118321394344153,sub-032372,EC,4.0
0.41480156415053837,1.3140194416046143,-1.0618126392364502,0.8437537708478394,sub-032372,EC,8.0
0.2786221840418335,1.3967227935791016,-0.9428861141204834,0.30012124327645284,sub-032372,EC,12.0
0.3943478611691863,1.587129831314087,-1.278259038925171,0.3579470857391077,sub-032372,EC,16.0
0.2908221293722676,1.1830620765686035,-1.358967900276184,0.44178302076846543,sub-032372,EC,20.0
0.2326308579810582,1.8774758577346802,-1.494255781173706,0.5498731637523411,sub-032372,EC,24.0
0.19409116847961816,1.427093505859375,-1.5018037557601929,0.35314437169990565,sub-032372,EC,28.0
0.2889728817653219,1.908138632774353,-1.4576812982559204,0.4969130347233791,sub-032372,EC,32.0
0.31442163826431824,1.4255540370941162,-1.0743602514266968,0.5358977692033289,sub-032372,EC,36.0
0.733533533528264,1.0138885974884033,-1.172386884689331,0.6677938002415552,sub-032372,EC,40.0
0.17472535182663562,1.8179653882980347,-1.6065760850906372,0.40744981675737757,sub-032372,EC,44.0
0.5349283965966534,1.0434229373931885,-0.9332520961761475,0.73583271771523,sub-032372,EC,48.0
0.5276707867739078,1.00179922580719,-1.5342175960540771,0.6057105768933675,sub-032372,EO,0.0
0.7463188952259475,0.8944005966186523,-1.0094081163406372,0.8414723822327055,sub-032372,EO,4.0
1.0898922799558317,0.554965078830719,-1.4004321098327637,1.370667904251129,sub-032372,EO,8.0
1.011471734289043,0.6772911548614502,-1.0060818195343018,1.075166687342224,sub-032372,EO,12.0
1.3039364932048638,0.6684670448303223,-1.2918275594711304,1.0156053110401868,sub-032372,EO,16.0
0.5168326190830398,1.4839601516723633,-1.2692008018493652,0.535303976456758,sub-032372,EO,20.0
0.7132017390111915,1.3364733457565308,-1.2847037315368652,0.8652156422216257,sub-032372,EO,24.0
0.7239111066918456,1.0933218002319336,-1.4414228200912476,0.9000573464061697,sub-032372,EO,28.0
0.8483122152683413,0.7316072583198547,-1.175298810005188,0.9271440516254776,sub-032372,EO,32.0
0.4095685476713007,1.747287631034851,-1.1741008758544922,0.5582177876909242,sub-032372,EO,36.0
0.908204900702867,0.8705191016197205,-1.2213205099105835,0.9132826881674813,sub-032372,EO,40.0
0.616925178574156,1.144776701927185,-1.5559498071670532,0.6353464724324499,sub-032372,EO,44.0
0.37070895886654887,1.169206142425537,-1.4610216617584229,0.6677119341180902,sub-032372,EO,48.0
0.27210032700134634,1.4003615379333496,-1.1580705642700195,0.20295138021990056,sub-032372,EO,52.0
0.4561029219557702,0.33713120222091675,-1.4412871599197388,0.7995197004857868,sub-032373,EC,0.0
0.21082970343510177,0.7132606506347656,-1.0457842350006104,0.32000757451145256,sub-032373,EC,4.0
0.19607089525931864,0.8109760880470276,-1.9921094179153442,0.2353956211558852,sub-032373,EC,8.0
0.5633296310557114,1.320022463798523,-1.6118478775024414,0.6727337112041556,sub-032373,EC,12.0
0.7925783589338256,0.23727969825267792,-0.6951038837432861,0.9155816263757948,sub-032373,EC,24.0
0.1589505187038135,1.2260202169418335,-2.330427885055542,0.24353107283522557,sub-032373,EC,28.0
0.32760744773265216,0.6342401504516602,-1.546579122543335,0.2974156254049265,sub-032373,EC,32.0
0.2359297068166355,1.977783441543579,-2.552767276763916,0.2563411897255906,sub-032373,EC,36.0
0.1286024586158161,1.5720568895339966,-2.7846531867980957,0.09640015627446996,sub-032373,EC,40.0
0.5727635099719393,0.40360844135284424,-1.6968966722488403,0.6484863815901696,sub-032373,EC,44.0
0.884216618709657,-0.11073280870914459,-1.1291216611862183,0.6423027126981294,sub-032373,EC,48.0
0.805825492035166,0.10011006146669388,-0.8118942975997925,1.328328959022281,sub-032373,EO,4.0
1.3512646421520882,-0.30186256766319275,-0.832663357257843,1.5675004376330572,sub-032373,EO,8.0
0.9835206978775278,0.041041310876607895,-1.2388588190078735,1.193023884662137,sub-032373,EO,12.0
0.9610941086501237,-0.029723914340138435,-1.3516074419021606,1.4732270872470785,sub-032373,EO,16.0
1.2698533305450599,-0.31893229484558105,-0.47995930910110474,1.39000644965989,sub-032373,EO,36.0
0.7902938552398624,0.6227360367774963,-1.4866160154342651,1.1662643401393296,sub-032373,EO,40.0
1.1674009629724278,-0.20767244696617126,-1.0395629405975342,1.599455936349405,sub-032373,EO,44.0
0.11735306537923085,2.384183168411255,-0.9610536098480225,0.23378218362037273,sub-032375,EC,4.0
0.16682539381404604,2.450831651687622,-1.8095810413360596,0.25044799028507414,sub-032375,EC,8.0
0.1651475507605603,1.996495008468628,-1.0394994020462036,0.2745444463991441,sub-032375,EC,12.0
0.20635661557379148,2.73168683052063,-1.6463358402252197,0.18159254805154879,sub-032375,EC,16.0
0.1738058875399271,2.2810370922088623,-1.2524714469909668,0.24443114481791783,sub-032375,EC,20.0
0.20286617103990467,2.1017367839813232,-1.33516526222229,0.36706682719745976,sub-032375,EC,24.0
0.1692178748959794,3.0537490844726562,-1.650418758392334,0.11100937899754659,sub-032375,EC,28.0
0.12153247919005528,2.05351185798645,-0.9044739603996277,0.24048273136129106,sub-032375,EC,32.0
0.029800830537954792,2.425034284591675,-1.0359102487564087,0.19632313942314472,sub-032375,EC,36.0
0.11265029572468155,2.7145164012908936,-1.5374815464019775,0.17353600840568173,sub-032375,EC,40.0
0.09061398125540865,2.3895885944366455,-1.28227961063385,0.19124523530977855,sub-032375,EC,44.0
0.2673937093319737,1.878987431526184,-1.082370638847351,0.233220610601374,sub-032375,EC,48.0
0.4224477974920364,1.5224602222442627,0.12191735208034515,0.6069560683388094,sub-032375,EO,0.0
0.678752201425145,1.8865717649459839,0.3394734263420105,0.7704778719070076,sub-032375,EO,4.0
0.6587639692057365,1.364072322845459,0.007115853950381279,0.6980449561653136,sub-032375,EO,8.0
0.27084733280804796,1.5303032398223877,0.1322420835494995,0.4949125768548589,sub-032375,EO,12.0
1.0275402819868296,1.1052019596099854,0.27832329273223877,1.1501883872233547,sub-032375,EO,16.0
0.7552292659354011,1.2985873222351074,0.1667105257511139,0.9083203235883398,sub-032375,EO,20.0
0.3655028836071287,1.610195279121399,0.376768559217453,0.7481413812476198,sub-032375,EO,24.0
1.141192673144535,1.2513428926467896,0.25027385354042053,1.103628047454492,sub-032375,EO,28.0
1.3409315062329912,1.5390934944152832,0.5468916296958923,1.0334184765580128,sub-032375,EO,32.0
0.6142532303675101,1.8789217472076416,-0.14385294914245605,0.5900059002890761,sub-032375,EO,36.0
0.15047995393452895,1.4854693412780762,0.3301405906677246,0.42830555997451536,sub-032375,EO,40.0
0.0655325817152499,1.498882532119751,0.23765802383422852,0.31745296436385584,sub-032375,EO,44.0
0.5994508329940924,1.7621262073516846,0.23216909170150757,0.6734197222249468,sub-032375,EO,48.0
0.32467547852138046,2.4242894649505615,-2.3232197761535645,0.34914287022381807,sub-032376,EC,0.0
0.18166558791912502,1.7476078271865845,-2.070949077606201,0.1703609658893337,sub-032376,EC,4.0
0.3604864434648092,1.8494856357574463,-2.4535374641418457,0.3565043973035772,sub-032376,EC,8.0
0.4410910171034115,0.9540460109710693,-1.1622992753982544,0.41069230476408447,sub-032376,EC,12.0
0.35922698376757844,1.4914461374282837,-2.4968509674072266,0.41188419018690314,sub-032376,EC,16.0
0.7951095829636152,1.4457885026931763,-1.9055143594741821,0.865754799980068,sub-032376,EC,20.0
0.47320217326342495,0.8381996154785156,-1.224600911140442,0.590205969669259,sub-032376,EC,24.0
0.48183831578226666,1.2648463249206543,-1.3451180458068848,0.4323348838378017,sub-032376,EC,28.0
0.2954849455303957,1.0272222757339478,-1.2424908876419067,0.33623616725323835,sub-032376,EC,32.0
0.41433475855266166,1.231364369392395,-1.7678565979003906,0.5194639614962888,sub-032376,EC,36.0
0.5039615360265346,1.227763056755066,-1.3085263967514038,0.5819496414537686,sub-032376,EC,40.0
0.3794770839102011,2.157609462738037,-2.2751243114471436,0.7178130682845381,sub-032376,EC,44.0
0.3418276865291988,2.310615301132202,-2.1461310386657715,0.6333413906695107,sub-032376,EC,48.0
0.4587014586914512,2.363718271255493,-2.8589682579040527,0.8123603112290119,sub-032376,EC,52.0
0.6935726581316746,0.9475137591362,-0.09218254685401917,0.7218806478762876,sub-032376,EO,0.0
0.9017381035313424,0.7771653532981873,-0.0024714586324989796,0.8177720495742918,sub-032376,EO,4.0
1.091328451979536,0.6178975105285645,-0.386913925409317,1.2385050930408148,sub-032376,EO,8.0
1.08269888022163,1.1675878763198853,-0.11438962817192078,1.1104648640569865,sub-032376,EO,12.0
0.5272185377222536,1.1648476123809814,0.13250702619552612,0.6019482892106872,sub-032376,EO,16.0
1.272616521127493,0.42629221081733704,0.07810373604297638,1.2576808956999286,sub-032376,EO,20.0
0.8799324022148278,0.7696441411972046,-0.06543092429637909,0.4193113991863736,sub-032376,EO,24.0
0.4018005310749725,1.4351017475128174,-0.8552055954933167,0.6851547439914716,sub-032376,EO,28.0
0.5849241144342809,0.7347460985183716,-0.24358990788459778,1.0173294806661866,sub-032376,EO,32.0
0.24199999319299037,1.0767098665237427,-0.0977359190583229,0.2985277099149134,sub-032376,EO,36.0
0.4518678154427115,1.2864693403244019,-0.27134039998054504,0.48362743377517925,sub-032376,EO,40.0
1.1050697972388464,1.1789796352386475,-0.3809930086135864,1.2881515321868795,sub-032376,EO,44.0
0.8364741084295084,1.279585361480713,-0.0845995619893074,0.9638698667004948,sub-032376,EO,48.0
1.1749924847898754,0.1273193061351776,-0.2786812484264374,1.190395293889703,sub-032379,EC,0.0
1.067405225269994,0.4082886278629303,0.3794698417186737,1.2205118143085905,sub-032379,EC,4.0
1.2836122680991964,0.40890970826148987,0.5089796781539917,1.285095534623991,sub-032379,EC,8.0
0.9063733369220711,0.6491075158119202,0.4396774172782898,1.1750821278213541,sub-032379,EC,12.0
1.119302089185902,0.316212922334671,0.27039557695388794,1.0985179912267085,sub-032379,EC,16.0
1.181411388169238,0.3756866753101349,-0.045900728553533554,1.2208463679432648,sub-032379,EC,20.0
0.13713368047698682,1.6452841758728027,-0.13408493995666504,0.27747128159517875,sub-032379,EC,24.0
0.1350278217661719,1.1896506547927856,-0.4053175747394562,0.3600613019166763,sub-032379,EC,28.0
0.45348949485620094,1.0809615850448608,-0.6964102983474731,0.5300218655022604,sub-032379,EC,32.0
0.15762031156571765,0.8157722353935242,-0.30582430958747864,0.15593640836771194,sub-032379,EC,36.0
0.19256373141208216,2.1709632873535156,-0.7813814878463745,0.1433095131997233,sub-032379,EC,40.0
0.1751213543446991,1.599467158317566,-0.4219886064529419,0.14117959208752673,sub-032379,EC,44.0
0.42379092829099185,1.40375816822052,-1.244011402130127,0.5108143647812771,sub-032379,EC,48.0
0.2883030597867613,1.11928129196167,-1.0409255027770996,0.6528532254477803,sub-032379,EC,52.0
1.0305642708443505,0.32798266410827637,0.09928107261657715,1.4612896300439049,sub-032379,EO,0.0
1.0853194840824996,0.45591825246810913,-0.41157975792884827,1.3927631685979422,sub-032379,EO,4.0
1.3773226838589974,-0.04140084609389305,0.227227121591568,1.4865783640302799,sub-032379,EO,8.0
0.6516815935616141,0.815852165222168,-0.04112548753619194,0.8929022785362819,sub-032379,EO,12.0
1.6937230321477879,0.05400434136390686,0.5616682171821594,1.557287183745533,sub-032379,EO,16.0
0.5532306144381827,0.3998512327671051,0.27694734930992126,0.8957984275500724,sub-032379,EO,20.0
1.6139862668329297,0.174650639295578,0.29429394006729126,1.7194646081969172,sub-032379,EO,24.0
1.4601544514409093,-0.13130657374858856,0.26235800981521606,1.5698353469544335,sub-032379,EO,28.0
1.0650111002845593,0.23136325180530548,0.095035120844841,1.1209890167495211,sub-032379,EO,32.0
0.9389473215781727,0.37587305903434753,0.009614708833396435,1.1976393194667851,sub-032379,EO,36.0
0.6088966451009239,0.44627952575683594,0.3743688762187958,1.1209880934815328,sub-032379,EO,40.0
1.3415906902497081,0.3540588319301605,0.037590764462947845,1.461509922025154,sub-032379,EO,44.0
1.0239335916060637,0.5690771341323853,0.11802703142166138,1.140500771022369,sub-032379,EO,48.0
1.1175020383970267,0.5071187019348145,-0.1671268492937088,1.541278949454186,sub-032379,EO,52.0
0.3971219542541907,1.3114911317825317,0.33804813027381897,0.7937617375373992,sub-032380,EC,0.0
0.7137161880664393,1.2418094873428345,0.6221746206283569,1.178130600684359,sub-032380,EC,4.0
0.7933275448918262,1.3903121948242188,0.7503901720046997,0.9491168689993239,sub-032380,EC,8.0
0.5098108685984648,1.9410128593444824,0.22026292979717255,0.6486990483327235,sub-032380,EC,12.0
0.37460832232366015,1.7289257049560547,0.16135890781879425,0.8047434951095697,sub-032380,EC,16.0
0.25002548016270976,3.355454444885254,-1.0458953380584717,0.5998842800212207,sub-032380,EC,20.0
0.2631001927444424,3.3614206314086914,-1.160244345664978,0.5143356629544602,sub-032380,EC,24.0
0.20597319070201348,2.889070987701416,-0.2575087547302246,0.33371705630173876,sub-032380,EC,28.0
0.23659177657863284,2.237706422805786,-0.8199552893638611,0.2462305366667572,sub-032380,EC,32.0
0.41323070363279457,1.5518029928207397,-0.2773115932941437,0.46353299683863436,sub-032380,EC,36.0
0.294587343508371,2.554276704788208,-0.3217777907848358,0.47295434212596854,sub-032380,EC,40.0
0.22048091548440774,2.1943275928497314,0.19904686510562897,0.1974408248476378,sub-032380,EC,44.0
0.2998989253403892,1.2244629859924316,-0.17402146756649017,0.3957925604976763,sub-032380,EC,48.0
1.1060056468518242,1.1514461040496826,0.3121676743030548,1.130108309080267,sub-032380,EO,0.0
0.30937061052889414,1.9908760786056519,0.18905870616436005,0.6251066403265857,sub-032380,EO,4.0
0.4927226815211947,1.6917884349822998,0.34119170904159546,0.7149522938523549,sub-032380,EO,8.0
0.6128882917301886,1.5229400396347046,0.6046751737594604,0.7160141389728316,sub-032380,EO,12.0
0.9380694195105048,1.1953552961349487,-0.008943316526710987,1.2293671921854747,sub-032380,EO,16.0
0.38039897556560287,1.9309909343719482,0.16168327629566193,0.49717164415962456,sub-032380,EO,20.0
0.631907894489458,1.2373181581497192,-0.06791551411151886,1.0009098983244262,sub-032380,EO,24.0
0.7146379704094752,1.3409308195114136,0.24322830140590668,0.9734020419894989,sub-032380,EO,28.0
0.7893478335901105,1.040420651435852,0.41354984045028687,1.0232781784940606,sub-032380,EO,32.0
0.34675518955392826,1.6774154901504517,0.15512986481189728,0.9726397369163335,sub-032380,EO,36.0
0.9891085912403766,1.0973968505859375,0.4391981065273285,0.92572464962135,sub-032380,EO,40.0
0.8077070708960528,1.3354650735855103,0.23357762396335602,1.1105496690393895,sub-032380,EO,44.0
0.5820014864880143,1.5299878120422363,-0.08344651013612747,1.0746972483450339,sub-032380,EO,48.0
0.3380444526929096,1.256816029548645,0.03364657983183861,0.7391730552073658,sub-032380,EO,52.0
0.965514637672954,1.1264193058013916,0.10035829991102219,0.7383803902074999,sub-032415,EC,0.0
0.7302792417897637,1.6224499940872192,-1.181113362312317,0.7049135230827178,sub-032415,EC,4.0
0.4671411792653295,1.6890113353729248,-0.6708434820175171,0.45657317248460116,sub-032415,EC,8.0
0.3341957684293162,1.8712031841278076,-1.1122677326202393,0.3733631449343139,sub-032415,EC,12.0
0.5013281827896154,2.340404748916626,-1.0410435199737549,0.5567838835063805,sub-032415,EC,16.0
0.6220822320896127,1.4598993062973022,-0.4901677072048187,0.6790999576822692,sub-032415,EC,20.0
0.5610223234045764,2.212855339050293,-0.6460593342781067,0.6210016112438743,sub-032415,EC,24.0
0.7386365440620082,1.5385596752166748,-0.8442206978797913,0.6682277785407944,sub-032415,EC,28.0
0.7568705195103922,1.697973608970642,-1.3917392492294312,0.9168858812580075,sub-032415,EC,32.0
0.3527216500475019,2.1567182540893555,-1.6345906257629395,0.5504347242096834,sub-032415,EC,36.0
0.49069557628398663,1.4094606637954712,-1.1348457336425781,0.6340607419858273,sub-032415,EC,40.0
0.5946914380382807,1.8638770580291748,-0.9798367023468018,0.8104641395897729,sub-032415,EC,44.0
0.315741577786088,1.7492426633834839,-0.842526376247406,0.5122894136594711,sub-032415,EC,48.0
0.2901621630276291,1.8023003339767456,-0.9031618237495422,0.40526961383823745,sub-032415,EC,52.0
0.6601432801995223,1.3275052309036255,0.3507607579231262,0.9570465136637857,sub-032415,EO,0.0
0.42196703702229,1.3582489490509033,-0.20343174040317535,0.47320752489514517,sub-032415,EO,4.0
0.4440742866944254,1.0975199937820435,0.4059154689311981,0.5669808068262294,sub-032415,EO,8.0
1.1105845555662073,1.3358027935028076,0.19684773683547974,0.9490827221943944,sub-032415,EO,12.0
1.2334086051938336,0.7904106974601746,-0.07972022145986557,0.8215828427611567,sub-032415,EO,16.0
0.4837088129480809,1.0562077760696411,0.08920717239379883,0.4971095036703752,sub-032415,EO,20.0
0.9303605654647624,1.1332484483718872,0.2075735479593277,0.9790064893704963,sub-032415,EO,24.0
0.2986995123154311,1.6373231410980225,-0.04792986437678337,0.4780926441988572,sub-032415,EO,28.0
0.3715466334968046,1.5603529214859009,-0.23375645279884338,0.28650191780487444,sub-032415,EO,32.0
0.20603269098845867,1.5802359580993652,-0.597694456577301,0.3951637752666477,sub-032415,EO,36.0
0.43739373327892295,1.3526824712753296,-0.28489241003990173,0.5595916211735241,sub-032415,EO,40.0
1.045031911082142,1.2227180004119873,0.30435681343078613,0.9746968172895195,sub-032415,EO,44.0
0.9238867082419622,1.3865013122558594,0.44781947135925293,0.833964293016729,sub-032415,EO,48.0
0.2238325840456109,2.7212507724761963,-2.136263370513916,0.33485140561942406,sub-032430,EC,0.0
0.19230741145806918,3.2765393257141113,-2.523022413253784,0.21831286577495002,sub-032430,EC,4.0
0.1706726247067223,2.7932205200195312,-1.7428226470947266,0.1188228362482937,sub-032430,EC,8.0
0.12827575781417322,3.3286969661712646,-2.3008780479431152,0.23027510628736547,sub-032430,EC,12.0
0.2450488741702488,2.822364330291748,-2.2847373485565186,0.27066691686372146,sub-032430,EC,16.0
0.1870173661858897,3.903918504714966,-2.6558358669281006,0.28296306332231824,sub-032430,EC,20.0
0.18971133727144995,3.3938968181610107,-3.0110671520233154,0.1734734214747119,sub-032430,EC,24.0
0.24375174055758142,2.288709878921509,-2.04213547706604,0.41810478897919356,sub-032430,EC,28.0
0.1683333901605114,2.978623867034912,-2.3869941234588623,0.28567553283789404,sub-032430,EC,32.0
0.17558927216660614,2.0502822399139404,-1.2137963771820068,0.35954966021006407,sub-032430,EC,36.0
0.16126732191099002,2.491058588027954,-1.7799923419952393,0.262084998744771,sub-032430,EC,40.0
0.21323324020698753,2.256941318511963,-1.5407421588897705,0.37223738161722564,sub-032430,EC,44.0
0.2779723288476824,2.5358550548553467,-2.021052598953247,0.44098184655585404,sub-032430,EC,48.0
0.11206106655228443,2.1339967250823975,-1.798801064491272,0.30937648316207267,sub-032430,EC,52.0
1.0073104000708555,0.8928372859954834,-0.6299941539764404,1.205587704962769,sub-032430,EO,0.0
0.32858461439051767,1.9554634094238281,-0.5994313955307007,0.4478085396931236,sub-032430,EO,4.0
1.1361222943046698,0.8242359757423401,-0.13653336465358734,1.114942518242262,sub-032430,EO,8.0
1.060314140122478,1.2750506401062012,-0.1795244812965393,1.2364497240454357,sub-032430,EO,12.0
0.9255696818321061,0.8300425410270691,-0.3925674855709076,0.8384952519128731,sub-032430,EO,16.0
0.7542142239195645,1.1263046264648438,-0.6750637292861938,1.053176475977973,sub-032430,EO,20.0
1.177575573460735,0.8661496043205261,-0.2633587419986725,1.241839444725817,sub-032430,EO,24.0
1.4532287580269863,0.7711158394813538,-0.09944331645965576,1.6889553994655757,sub-032430,EO,28.0
1.1692274895200692,0.828734815120697,-0.5279396772384644,1.339609664694326,sub-032430,EO,32.0
1.2384708833470928,0.4486425220966339,-0.5091925859451294,1.3104937446008296,sub-032430,EO,36.0
0.6765670270424108,1.3763408660888672,-0.04463347792625427,0.9541426586699991,sub-032430,EO,40.0
0.8697109297718499,1.0012162923812866,-1.1676090955734253,0.7917557785423563,sub-032430,EO,52.0
1.3195045048841694,0.48151320219039917,0.13017365336418152,0.8891366087323842,sub-032431,EC,0.0
1.009154089982468,0.8978198766708374,0.3926752805709839,1.022231108709025,sub-032431,EC,4.0
0.9109396668927834,1.0395898818969727,0.5066584348678589,0.7603365985709145,sub-032431,EC,8.0
0.32950798859938657,0.5472744107246399,0.04957885667681694,0.4033432369615295,sub-032431,EC,12.0
1.0114201518158052,1.055371642112732,-0.19557692110538483,0.9061585148203303,sub-032431,EC,16.0
0.8654333064977595,1.201633334159851,0.6144186854362488,0.6682289676867261,sub-032431,EC,20.0
0.6820411502133837,1.0066730976104736,-0.0051703373901546,0.7657389171847135,sub-032431,EC,24.0
0.6093944260907487,0.8117777109146118,-0.09802515059709549,0.8155399525898499,sub-032431,EC,28.0
0.5268699088911009,1.1464565992355347,-0.289687842130661,0.6430476099514117,sub-032431,EC,32.0
0.5227691958152654,1.4036989212036133,-0.7228962182998657,0.47878173536644053,sub-032431,EC,36.0
0.6361543685826831,0.9388545155525208,-0.17281468212604523,0.5988452482992184,sub-032431,EC,40.0
0.3595878379175925,0.7144257426261902,0.32878875732421875,0.3841926999615749,sub-032431,EC,44.0
0.641637642494947,1.3016470670700073,-0.34072867035865784,0.682546356055697,sub-032431,EC,48.0
0.3795664714655067,1.2290657758712769,0.11979516595602036,0.28915952463970296,sub-032431,EC,52.0
0.41846834282456835,1.3048992156982422,0.829376757144928,0.4370246725485252,sub-032431,EO,0.0
0.5763082489528601,1.172531008720398,0.3910991847515106,0.6114545263310973,sub-032431,EO,4.0
0.15612966011217666,1.471017837524414,-0.22307424247264862,0.08233924608835308,sub-032431,EO,8.0
0.16884808067646162,1.0770825147628784,0.11442109197378159,0.43288327498661383,sub-032431,EO,12.0
0.1703536468562734,1.5886492729187012,1.0285120010375977,0.4663591881079102,sub-032431,EO,16.0
0.2387005287374412,1.2556474208831787,0.11625939607620239,0.2265136014471537,sub-032431,EO,20.0
0.2038366532242616,1.1812564134597778,0.11158011108636856,0.35285538358093405,sub-032431,EO,24.0
0.5525605198377406,0.7943092584609985,-0.013138456270098686,0.7399911703363014,sub-032431,EO,28.0
0.8128784163194736,1.0776103734970093,0.07437985390424728,0.7928217027479759,sub-032431,EO,32.0
0.6503798952677609,0.7618963122367859,0.08281441777944565,0.754254438437403,sub-032431,EO,36.0
0.9218511728483183,0.25235268473625183,-0.0327477864921093,0.8820906990158549,sub-032431,EO,40.0
0.35337305905814,1.1165404319763184,-0.13518336415290833,0.5522694517062907,sub-032431,EO,44.0
0.2546529261781385,0.9772277474403381,-0.08499714732170105,0.4850137255246251,sub-032431,EO,48.0
0.8856293943663002,0.7531959414482117,0.28786933422088623,0.7275928167728128,sub-032431,EO,52.0
0.8421909291968411,1.6463119983673096,0.03951120376586914,0.8013562266995264,sub-032442,EC,0.0
0.3174181117401026,1.5706164836883545,-0.49058443307876587,0.30082582052299445,sub-032442,EC,4.0
0.36006726343482176,1.9224164485931396,-1.1262972354888916,0.5921116915243112,sub-032442,EC,8.0
0.5182391555678011,2.058202028274536,-0.712722659111023,0.6177055989963832,sub-032442,EC,12.0
0.41493787186942444,2.2504210472106934,-0.7815178036689758,0.3968856674147042,sub-032442,EC,16.0
0.4256619722898316,2.0502724647521973,-0.5566887855529785,0.29118257584335083,sub-032442,EC,20.0
0.22874198048652317,1.6656726598739624,-0.9393031597137451,0.3373353639543991,sub-032442,EC,24.0
0.6703804535491953,2.3907485008239746,-0.7521682381629944,0.6940974558634925,sub-032442,EC,28.0
0.2282670936753577,1.9192066192626953,-0.6178627014160156,0.45744682063549846,sub-032442,EC,32.0
0.507131563051707,1.2562708854675293,0.25926798582077026,0.46626893840217354,sub-032442,EC,36.0
0.44937577997397815,2.277454137802124,-0.7661319375038147,0.4637943578332654,sub-032442,EC,40.0
0.4378057077845037,2.9745092391967773,-0.5613417625427246,0.5458285866608064,sub-032442,EC,44.0
0.38273320483717177,3.3356738090515137,-1.401028037071228,0.49480041918664663,sub-032442,EC,48.0
0.2757489655775177,1.4468685388565063,0.6440653800964355,0.49791736953601795,sub-032442,EO,0.0
0.3745574936380096,1.0929549932479858,0.5413966178894043,0.3356162190229014,sub-032442,EO,4.0
1.3807468922893298,0.8477379083633423,0.35215866565704346,0.8510267361804515,sub-032442,EO,8.0
0.8285333049307817,1.6550652980804443,0.20443323254585266,0.722366181165577,sub-032442,EO,12.0
0.6300286061289291,1.4458247423171997,0.2060113549232483,0.34431616831844936,sub-032442,EO,16.0
0.52081931597369,1.2627030611038208,0.531757652759552,0.4630253522874507,sub-032442,EO,20.0
0.7870499170628996,1.1437995433807373,0.6828573942184448,1.0474777005583442,sub-032442,EO,24.0
0.6693855462253882,1.2165091037750244,0.29189732670783997,0.7224476326209405,sub-032442,EO,28.0
0.8484929814339982,1.3608193397521973,0.36066266894340515,0.8114727215288722,sub-032442,EO,32.0
1.3564258561606255,1.1342557668685913,0.02937716618180275,1.0053063326470737,sub-032442,EO,36.0
1.3627570788838739,0.8916283249855042,0.13981893658638,1.1701387417822209,sub-032442,EO,40.0
1.0516408745027592,1.1564592123031616,0.4204031527042389,1.0373247353733608,sub-032442,EO,44.0
1.020166302623844,0.979788064956665,0.42899781465530396,0.9514980998882901,sub-032442,EO,48.0
0.8475721646032149,1.3834701776504517,0.4391663372516632,0.7554938071930797,sub-032442,EO,52.0
0.21001502481098444,2.2248895168304443,-1.7445898056030273,0.4418826165177996,sub-032451,EC,0.0
0.4810928318081551,1.2243809700012207,-1.5572412014007568,0.7019809312229359,sub-032451,EC,4.0
0.22514830049658596,2.198495864868164,-1.3174747228622437,0.3123157247178623,sub-032451,EC,8.0
0.1996741214421931,2.4254050254821777,-1.8304972648620605,0.30137138107926476,sub-032451,EC,12.0
0.28621731037651055,1.7204546928405762,-1.6806737184524536,0.5298427103930263,sub-032451,EC,16.0
0.20162299621830992,1.8489128351211548,-1.5029288530349731,0.4468402711998647,sub-032451,EC,20.0
0.3024920678694478,1.9893885850906372,-2.0652613639831543,0.4852786099917308,sub-032451,EC,24.0
0.3530676473929705,1.7428795099258423,-1.6627564430236816,0.5398338146807569,sub-032451,EC,28.0
0.2850920411753526,2.254406213760376,-1.6629045009613037,0.43238782377685336,sub-032451,EC,32.0
0.31795311018538197,2.4550037384033203,-1.4715194702148438,0.4751433008342587,sub-032451,EC,36.0
0.2725424576849056,2.2581331729888916,-2.0313515663146973,0.3810835090692518,sub-032451,EC,40.0
0.33702072540655315,2.361661911010742,-1.3351022005081177,0.5466371440299082,sub-032451,EC,44.0
0.36325379279283054,2.087409496307373,-1.337110996246338,0.6074939299199221,sub-032451,EC,48.0
0.2663648272646516,1.4280648231506348,-0.9897650480270386,0.5005876863238028,sub-032451,EC,52.0
1.0183080352470715,0.4145631194114685,0.0546063669025898,0.9509869500788756,sub-032451,EO,0.0
0.5887136353336437,0.8027047514915466,0.22296568751335144,0.7570242983765584,sub-032451,EO,4.0
1.1988213361139466,0.26253798604011536,-0.44045424461364746,1.1517424432233632,sub-032451,EO,8.0
0.6857475983373597,0.35198774933815,-0.01017941813915968,0.7324030864347315,sub-032451,EO,12.0
1.4573927561879296,0.2723693251609802,-0.3824988007545471,1.353405967619184,sub-032451,EO,16.0
1.3366056351850015,0.2639155089855194,-0.3021349012851715,1.310886880851437,sub-032451,EO,20.0
0.6876835945938411,0.600892186164856,-0.5759230256080627,0.8864846437033286,sub-032451,EO,24.0
0.40259324993496204,1.248214602470398,-0.7155659198760986,0.7234881314295085,sub-032451,EO,28.0
0.7088652731027223,0.8785710334777832,-0.2843579053878784,0.7470667471870325,sub-032451,EO,32.0
0.8962613454671774,0.9361579418182373,-0.355704128742218,1.1180039843929106,sub-032451,EO,36.0
1.413940785973872,-0.023931698873639107,-0.607329249382019,1.178228826798372,sub-032451,EO,40.0
1.3840566258099325,-0.1384463608264923,-0.36567384004592896,1.357933990535292,sub-032451,EO,44.0
1.0705524281358443,0.4368506968021393,-0.7537329196929932,1.0379903087512985,sub-032451,EO,48.0
0.987257569759604,0.6801439523696899,-0.38714727759361267,1.4906965300326498,sub-032451,EO,52.0
0.21759771081845392,2.787609577178955,-2.605529308319092,0.32543323858372863,sub-032454,EC,0.0
0.1977595249182652,2.3245081901550293,-2.761735439300537,0.2761026570490548,sub-032454,EC,4.0
0.17606535913082355,2.461854934692383,-2.1226372718811035,0.24486492669175275,sub-032454,EC,8.0
0.22946933449812534,2.4823074340820312,-2.3556504249572754,0.29540558495383196,sub-032454,EC,12.0
0.2476461134659914,2.977656364440918,-2.7350969314575195,0.28218521174051925,sub-032454,EC,16.0
0.20647670434692877,2.629176139831543,-2.7919485569000244,0.19722604756306905,sub-032454,EC,20.0
0.2336868794684962,2.7180423736572266,-2.495734930038452,0.22281283009304564,sub-032454,EC,24.0
0.23795400910427478,2.563275098800659,-2.6343188285827637,0.2577890476980339,sub-032454,EC,28.0
0.23301481505565236,2.410940170288086,-2.1036934852600098,0.3593846595500534,sub-032454,EC,32.0
0.23223657554887467,2.523448944091797,-2.24045991897583,0.2879940130258305,sub-032454,EC,36.0
0.3241350555790806,2.5952680110931396,-2.3096115589141846,0.37736237718534194,sub-032454,EC,40.0
0.22443328682554853,2.5987141132354736,-2.7758820056915283,0.29862833199401395,sub-032454,EC,44.0
0.268686588353263,2.0499918460845947,-2.419793128967285,0.39616641098255234,sub-032454,EC,48.0
0.19325995164998944,2.595329761505127,-2.5911574363708496,0.21688223357575298,sub-032454,EC,52.0
0.295594526879002,1.9002065658569336,0.32876816391944885,0.798350264806772,sub-032454,EO,0.0
0.8550632618053391,0.6265264749526978,-0.19181567430496216,1.165284878949945,sub-032454,EO,4.0
0.2333216969376919,1.7303531169891357,-0.49450960755348206,0.47107948031921276,sub-032454,EO,8.0
0.5950423947308099,1.4585449695587158,-1.0636658668518066,1.110407342706776,sub-032454,EO,12.0
0.3944146820007245,1.6847281455993652,-0.3265010118484497,0.574949182516191,sub-032454,EO,16.0
0.32847276537955716,1.5655487775802612,-1.0608693361282349,0.6361690843764015,sub-032454,EO,20.0
0.40056739517229367,1.5838322639465332,-0.8799480199813843,0.6598970962805418,sub-032454,EO,24.0
0.405484128216396,2.166688919067383,-1.0220632553100586,0.7672865139298989,sub-032454,EO,28.0
0.31937384946870684,2.12359881401062,-1.1122580766677856,0.6957522145366146,sub-032454,EO,32.0
0.9671095771036727,0.920204758644104,-0.6674453616142273,1.138059366938531,sub-032454,EO,36.0
0.5225822286959014,1.8865909576416016,-0.6319910883903503,0.717335587081279,sub-032454,EO,40.0
0.4572100321118472,1.3413541316986084,-1.1208560466766357,0.7420171205574122,sub-032454,EO,44.0
0.6307799507667099,1.670060396194458,-1.3379853963851929,0.8593779674884252,sub-032454,EO,48.0
0.4785698602844213,1.8112361431121826,-1.3933502435684204,0.9331764961840014,sub-032454,EO,52.0
0.26465230156977804,1.892350435256958,-1.7135437726974487,0.41747395877204885,sub-032455,EC,0.0
0.27044701374338254,3.058764934539795,-2.3610317707061768,0.28639993451301515,sub-032455,EC,4.0
0.3150888744477588,2.548049211502075,-2.4115312099456787,0.35850671366576525,sub-032455,EC,8.0
0.28181973543432837,2.1349332332611084,-1.4421565532684326,0.3458101152510945,sub-032455,EC,12.0
0.27606489330794437,2.8578081130981445,-1.782813310623169,0.4925866709676875,sub-032455,EC,16.0
0.3608422484929429,2.878183364868164,-1.8915143013000488,0.44674367570244244,sub-032455,EC,20.0
0.23200622867555243,3.301439046859741,-2.1835291385650635,0.3993211249789841,sub-032455,EC,24.0
0.24637477066814417,2.2662160396575928,-1.6333518028259277,0.22844453264325404,sub-032455,EC,28.0
0.3329496162995521,3.3160407543182373,-2.5042293071746826,0.42327824382684953,sub-032455,EC,32.0
0.2679389724739829,2.723708391189575,-1.9999058246612549,0.18627231192974003,sub-032455,EC,36.0
0.28595991206241567,3.2057547569274902,-1.9512619972229004,0.46930797730194473,sub-032455,EC,40.0
0.345286324921973,3.3973193168640137,-2.5190062522888184,0.25224577488119526,sub-032455,EC,44.0
0.25794440235809435,2.3177618980407715,-2.018885612487793,0.2898932227047676,sub-032455,EC,48.0
0.29262032394022697,2.4053447246551514,-1.9256643056869507,0.2436173647705293,sub-032455,EC,52.0
0.38094170506635716,0.9908028841018677,-0.8840893507003784,0.839686395736576,sub-032455,EO,0.0
1.0618429959710534,0.4994674324989319,-0.19575877487659454,1.1267597030367245,sub-032455,EO,4.0
0.4799759383241735,1.4614793062210083,-0.45827165246009827,0.852936029868253,sub-032455,EO,8.0
0.634285353011353,0.9917846322059631,-0.408086359500885,0.8586208564529628,sub-032455,EO,12.0
0.4501654538986005,1.6765415668487549,-0.8590709567070007,0.46136504001317546,sub-032455,EO,16.0
0.5546906790239665,1.0545352697372437,-0.794184684753418,0.6833149215735381,sub-032455,EO,20.0
0.5452564064383927,0.6564980745315552,-0.5727423429489136,0.8960038605561405,sub-032455,EO,24.0
0.3095878527711011,1.216078519821167,-0.8226662874221802,0.3139483792372513,sub-032455,EO,28.0
0.82982597553737,0.9406033158302307,-0.9595696926116943,1.000687293900405,sub-032455,EO,32.0
0.44888368357476505,1.4846125841140747,-0.7107691764831543,0.7343006273886992,sub-032455,EO,36.0
1.0565922076820158,0.8232680559158325,-0.46872764825820923,1.2802922788982425,sub-032455,EO,40.0
1.068708005107729,0.5107715129852295,-0.3675309717655182,0.9845959298750482,sub-032455,EO,44.0
0.6289608159507316,0.9591359496116638,-0.37758395075798035,0.8241847618731899,sub-032455,EO,48.0
0.22732285831089794,1.9335123300552368,-1.1483604907989502,0.4401849440613732,sub-032456,EC,0.0
0.16633966905559716,1.7995076179504395,-0.8586888909339905,0.4470916330864628,sub-032456,EC,4.0
0.17658223637903903,2.545567750930786,-1.1721022129058838,0.22392343990878016,sub-032456,EC,8.0
0.4289645316967997,1.850521445274353,-0.6982920169830322,0.5770959615870983,sub-032456,EC,12.0
0.3511541059454736,1.2311571836471558,-0.7090144753456116,0.5690446619910198,sub-032456,EC,16.0
0.6517636658996826,1.2751877307891846,-0.9618016481399536,0.8241576608656329,sub-032456,EC,20.0
0.3176676408664324,2.5729148387908936,-1.5508341789245605,0.3625249884842916,sub-032456,EC,24.0
0.36835338756640057,1.7505500316619873,-1.1834372282028198,0.4028729582902594,sub-032456,EC,28.0
0.2997786097426298,1.806614637374878,-0.9965430498123169,0.2888709148517984,sub-032456,EC,32.0
0.2566018184446123,1.8753547668457031,-0.814129650592804,0.5523961799872685,sub-032456,EC,36.0
0.3143106035096951,1.9726370573043823,-0.6849210858345032,0.24673311375358664,sub-032456,EC,40.0
0.36797405470153655,1.9100909233093262,-1.5101096630096436,0.30686401000255403,sub-032456,EC,44.0
0.21178517696076726,1.888854742050171,-1.0084991455078125,0.24916642747536977,sub-032456,EC,48.0
0.26099347826527286,2.8061790466308594,-1.2382394075393677,0.422107915390298,sub-032456,EC,52.0
0.4642325233503971,0.815900444984436,-0.25856003165245056,0.4830120622140043,sub-032456,EO,0.0
0.4663800743346317,1.7645976543426514,-0.8228973150253296,0.7957643278900667,sub-032456,EO,4.0
0.8317108306043617,1.0995632410049438,-0.6643664836883545,1.0504863034289835,sub-032456,EO,8.0
0.9714260450409116,0.9166883230209351,-0.38611459732055664,1.0700584972615537,sub-032456,EO,12.0
0.9026714232171986,0.8263303637504578,-0.7197558283805847,1.1211975322366985,sub-032456,EO,16.0
0.7614641905659943,1.3169615268707275,-0.2300688773393631,1.1171849721171192,sub-032456,EO,20.0
0.4534039209916907,1.6520286798477173,-0.4817424714565277,0.7044674214476324,sub-032456,EO,24.0
0.9733954738607208,0.6386837959289551,-0.5927997827529907,1.2739813907828983,sub-032456,EO,28.0
0.9051008737433384,0.9588980674743652,-0.6245700120925903,1.1513745070445103,sub-032456,EO,32.0
0.7811195657187984,0.9570603370666504,-0.43719685077667236,1.0224569948084805,sub-032456,EO,36.0
0.5239748320037428,0.9375072717666626,-0.5827046632766724,0.9140173687696945,sub-032456,EO,40.0
0.32811747746594766,2.196746349334717,-0.7474952936172485,0.5638723036959223,sub-032456,EO,44.0
1.1620802009687732,1.1257463693618774,0.039388012140989304,1.350612347550895,sub-032456,EO,48.0
1.7132402378766611,0.45156437158584595,-0.038690634071826935,1.339441870135738,sub-032458,EC,0.0
0.8391082272081489,0.9025260806083679,-0.06578709185123444,1.0762633566446913,sub-032458,EC,4.0
0.8861813668585571,0.7107464075088501,-0.4594961404800415,1.1455769365346766,sub-032458,EC,8.0
0.4739604695799975,1.8631830215454102,-0.734827995300293,0.6274318535515115,sub-032458,EC,12.0
0.34406676630810207,1.641634464263916,-0.21480818092823029,0.3884646783380957,sub-032458,EC,16.0
0.4032616569986791,2.860020637512207,-1.4237749576568604,0.3685388460936835,sub-032458,EC,20.0
0.4837025420949429,1.6297179460525513,-1.0381484031677246,0.8305437830191965,sub-032458,EC,24.0
0.3738127328817977,1.0733808279037476,0.05840841680765152,0.6798149522628356,sub-032458,EC,28.0
0.6974766116889463,1.299992561340332,-0.4096221625804901,1.0064586514144391,sub-032458,EC,32.0
0.43272022791293796,1.8308005332946777,-0.7400983572006226,0.5007622002774588,sub-032458,EC,36.0
0.3075345499707218,2.7418620586395264,-0.9393128752708435,0.27786756636610466,sub-032458,EC,40.0
0.3333126909856303,1.2978652715682983,-0.24027225375175476,0.43373474621088903,sub-032458,EC,44.0
0.24247053478744318,1.9698162078857422,-1.3801546096801758,0.3254699464661185,sub-032458,EC,48.0
0.44734610126295393,1.429901361465454,-0.5456074476242065,0.4856490093224757,sub-032458,EO,0.0
0.36096704025065063,1.3798500299453735,-0.4175041913986206,0.3200319845818076,sub-032458,EO,4.0
0.33319275773360146,1.3294907808303833,-0.06729289889335632,0.25986369542300225,sub-032458,EO,8.0
0.25183371339317007,1.7397550344467163,-0.33318963646888733,0.3422734449648671,sub-032458,EO,12.0
0.3774403805818727,1.77363920211792,-0.297865629196167,0.43904186675410606,sub-032458,EO,16.0
0.4461060636751871,1.8687450885772705,-0.16225183010101318,0.4848191775632851,sub-032458,EO,20.0
0.6472306042162099,1.1051502227783203,-0.4913702607154846,0.6151710593153038,sub-032458,EO,24.0
1.177152121634018,1.0180392265319824,-0.6783807277679443,1.1427192159326764,sub-032458,EO,28.0
0.6692805432566523,0.9465388059616089,-0.11984395235776901,0.7558860797680736,sub-032458,EO,32.0
0.5714739195542555,1.1902798414230347,-0.5206796526908875,0.48054668656941124,sub-032458,EO,36.0
0.5239997647552529,1.235866665840149,-0.06609441339969635,1.1969900312832524,sub-032458,EO,40.0
0.33567829692350537,1.62994384765625,-0.2142086774110794,0.4784975969971439,sub-032458,EO,44.0
0.9785371956690162,1.2655789852142334,-0.2241668701171875,1.0536252543441125,sub-032458,EO,48.0
1.2711692859952985,1.220129132270813,-0.2743116021156311,1.0774072797322272,sub-032458,EO,52.0
0.8525159136747998,0.8429244756698608,0.35717758536338806,0.6888232353539803,sub-032459,EC,0.0
0.5759490608254809,1.345245122909546,0.14539074897766113,0.6683041122544349,sub-032459,EC,4.0
0.34712853763813056,1.4752860069274902,-0.5869013667106628,0.3479330255045854,sub-032459,EC,8.0
0.6685320092399641,0.8202564716339111,-0.3252371847629547,0.7292884028890667,sub-032459,EC,12.0
0.3382979404306464,1.3629542589187622,-0.4363986849784851,0.6219538886295946,sub-032459,EC,16.0
0.24971897729113568,1.004144549369812,0.2776072025299072,0.5041771353935324,sub-032459,EC,20.0
0.5397988386377498,1.1902331113815308,-0.45339304208755493,0.4754972658780704,sub-032459,EC,24.0
0.8557646692747514,1.970327377319336,-0.7829806208610535,1.0706231693982124,sub-032459,EC,28.0
0.8796696776481681,1.7913081645965576,-0.5232487320899963,0.9568504281197884,sub-032459,EC,32.0
0.6754403498253979,2.1269371509552,-0.9144731760025024,0.8272893017192611,sub-032459,EC,36.0
0.472567173194832,1.8824740648269653,-1.025402545928955,0.5206569811310562,sub-032459,EC,40.0
0.666255740776243,1.4525986909866333,-0.825832724571228,0.99860508502621,sub-032459,EC,44.0
0.7729681874230148,1.1787184476852417,-0.42586806416511536,0.99954283195764,sub-032459,EC,48.0
0.9466361134405274,1.207266926765442,-1.267813801765442,0.985698312156002,sub-032459,EC,52.0
1.2089701959672932,0.5855311751365662,0.15582875907421112,1.1794499091918262,sub-032459,EO,0.0
1.1584244367640664,0.5122051239013672,0.1455317586660385,1.2290286746556098,sub-032459,EO,4.0
0.577278760920694,0.9177072644233704,0.16386136412620544,0.760973312677239,sub-032459,EO,8.0
1.0257161413060911,1.5787417888641357,-0.19843430817127228,1.21534429177134,sub-032459,EO,12.0
1.2009407506475605,0.5635772943496704,0.6118401885032654,1.2189336161734683,sub-032459,EO,16.0
1.2735836471402553,0.1099872887134552,0.6708762049674988,1.17758433205206,sub-032459,EO,20.0
0.965776755673543,0.8091980218887329,1.1108266115188599,0.8129258087255867,sub-032459,EO,24.0
1.635536224796916,0.6265234351158142,1.035003662109375,1.088356952098313,sub-032459,EO,28.0
1.4613519208599342,0.2682874798774719,0.3775321841239929,1.6121552009101956,sub-032459,EO,32.0
1.4252106138986305,0.025329487398266792,0.8461987972259521,1.4547864662754202,sub-032459,EO,44.0
1.3229766419836,0.236373633146286,0.4846460521221161,1.178011132620541,sub-032459,EO,48.0
0.3552148513838258,1.2596063613891602,-2.1808438301086426,0.43036648666270094,sub-032462,EC,0.0
0.8490672177045456,0.4560256004333496,-0.8142833709716797,1.1605340880091037,sub-032462,EC,4.0
0.5180473922748547,1.5349602699279785,-1.4432369470596313,0.5816332318117649,sub-032462,EC,8.0
1.3792815690978746,0.9655030965805054,-1.5448240041732788,1.2229034911368188,sub-032462,EC,12.0
0.4391701621564189,1.2727023363113403,-1.3767955303192139,0.6880655754265121,sub-032462,EC,16.0
0.9362573612544222,1.2642277479171753,-1.490588903427124,0.9479550467706813,sub-032462,EC,20.0
0.6005664080643133,1.7194695472717285,-2.013289213180542,0.5010680926688941,sub-032462,EC,24.0
0.6157565741512396,1.6533856391906738,-1.8550032377243042,0.7505319709445013,sub-032462,EC,28.0
0.4792642709513256,1.315940499305725,-1.4529871940612793,0.693695333586767,sub-032462,EC,32.0
0.7107213521825567,1.0415875911712646,-1.0515081882476807,0.9242470459656801,sub-032462,EC,36.0
0.9550221784892547,1.734420895576477,-1.6018004417419434,0.9023442300208524,sub-032462,EC,40.0
0.2722381750590406,2.018429756164551,-1.1774051189422607,0.14951674250984281,sub-032462,EC,44.0
1.3429875348401994,1.2942413091659546,-1.1499290466308594,1.1986697620759048,sub-032462,EC,48.0
1.6077907829053948,0.49735403060913086,0.29969367384910583,1.391006898656067,sub-032462,EO,0.0
1.7460481136069337,0.4135548770427704,-0.26322415471076965,1.584251975804444,sub-032462,EO,4.0
0.7008849710596396,1.6440677642822266,-1.256641149520874,0.8953879745130288,sub-032462,EO,8.0
1.3776327842995253,0.6325159668922424,-0.7791968584060669,1.389945338017871,sub-032462,EO,12.0
1.1459254450410357,0.503935694694519,-0.782766580581665,1.242465576240462,sub-032462,EO,16.0
0.822676580479133,0.7038212418556213,-0.19676634669303894,1.0231388234778707,sub-032462,EO,20.0
1.0580055411832106,0.42868831753730774,-0.6855048537254333,1.1644411120815326,sub-032462,EO,24.0
0.6164155700284204,1.2303556203842163,-0.2809862196445465,0.7352368113273692,sub-032462,EO,28.0
1.0421001276632544,0.7193929553031921,0.027038317173719406,1.066269904181617,sub-032462,EO,32.0
0.846286680300419,1.035291314125061,-0.6865440011024475,1.147318357902334,sub-032462,EO,36.0
0.4616259365838744,1.4364557266235352,-0.7564381957054138,0.5215385162207358,sub-032462,EO,40.0
0.950267033427043,1.1650760173797607,-0.6036372780799866,1.0864042951002006,sub-032462,EO,44.0
1.0659778359935477,0.37559399008750916,-0.8840399980545044,1.0972238357937973,sub-032462,EO,48.0
0.6426515572518265,1.414691686630249,-0.6770500540733337,0.8137339474507725,sub-032462,EO,52.0
0.1612914702862176,1.4025887250900269,0.1841789335012436,0.3426000674850932,sub-032463,EC,0.0
0.3599310599543233,0.9405587911605835,0.019422585144639015,0.5577624210132408,sub-032463,EC,4.0
0.86392645126642,1.0716036558151245,0.5812958478927612,0.881333137585808,sub-032463,EC,8.0
0.6126633501456265,0.8450314998626709,0.1787525713443756,0.7430874256229509,sub-032463,EC,12.0
0.9191699534731265,0.5660808086395264,-0.04999696463346481,0.900658245966972,sub-032463,EC,16.0
0.45703914862312356,1.0344445705413818,0.1643451601266861,0.5484174393828676,sub-032463,EC,20.0
0.2834216296052219,1.133249044418335,0.346794068813324,0.4158285896113523,sub-032463,EC,24.0
0.6752771768849923,0.8589255213737488,-0.314663290977478,1.1442765385166322,sub-032463,EC,28.0
0.7549612529997026,0.5810021162033081,-0.17491783201694489,1.2382185571274062,sub-032463,EC,32.0
0.39846859992820083,0.9520003795623779,0.3603522479534149,0.5952245241245975,sub-032463,EC,36.0
0.933342794014295,0.6452717781066895,0.24325448274612427,0.7842633012434278,sub-032463,EC,40.0
0.49794299857463165,1.0404611825942993,0.3953153192996979,0.7454257584388573,sub-032463,EC,44.0
0.37564892948385686,1.2189819812774658,0.27027103304862976,0.5578014093392809,sub-032463,EC,48.0
0.2493960948156696,0.9306116104125977,-0.6816363334655762,0.4933650719332554,sub-032463,EC,52.0
0.7564444962150688,0.6204065680503845,0.48980003595352173,0.937900728373529,sub-032463,EO,0.0
0.3334558531923404,1.453791618347168,0.48964208364486694,0.43614107278337,sub-032463,EO,4.0
0.3861122808630695,1.0328885316848755,0.14095579087734222,0.3989126107829055,sub-032463,EO,8.0
0.3906956424409602,1.1200885772705078,0.7834060788154602,0.3868653230836264,sub-032463,EO,12.0
0.9525492003067348,1.0279101133346558,0.6572685241699219,0.8137907998907217,sub-032463,EO,16.0
0.35998382647802774,1.0025427341461182,0.31554773449897766,0.5518068935999376,sub-032463,EO,20.0
0.6683881326860848,1.126723051071167,0.46969613432884216,0.8507702461323862,sub-032463,EO,24.0
1.0351552398861563,0.6779475808143616,0.5244110822677612,1.043954504784748,sub-032463,EO,28.0
1.6713473422953768,0.4404887855052948,0.7945941686630249,1.072498899178902,sub-032463,EO,32.0
0.9173360536421369,0.8998128771781921,0.573054850101471,0.9733003567140839,sub-032463,EO,36.0
0.7265344710249866,0.8020921349525452,0.046219732612371445,0.9697548320809871,sub-032463,EO,40.0
1.211632837688919,0.4935013949871063,0.6101711988449097,1.122524714072102,sub-032463,EO,44.0
0.22196087440419154,1.4424307346343994,-0.07949967682361603,0.32553798453982463,sub-032463,EO,48.0
0.49761203328993675,0.8344326615333557,0.45785263180732727,0.5442398296637481,sub-032463,EO,52.0
0.3030226478608118,2.0190227031707764,-1.839295506477356,0.18406855122689136,sub-032475,EC,0.0
0.3541564336194045,2.6097586154937744,-2.383634328842163,0.18471931556481214,sub-032475,EC,4.0
0.24599205036768135,2.4612488746643066,-2.5088601112365723,0.16124781913691855,sub-032475,EC,8.0
0.2515302324631997,2.4347493648529053,-2.2762317657470703,0.1257698055826808,sub-032475,EC,12.0
0.3549401802025024,2.7367868423461914,-2.4260220527648926,0.15058386790665668,sub-032475,EC,16.0
0.35784568320276733,2.9769701957702637,-2.2932348251342773,0.1968795463837988,sub-032475,EC,20.0
0.18682934625202474,2.1452572345733643,-1.9006911516189575,0.23976239356931917,sub-032475,EC,24.0
0.2616486230442996,2.192657232284546,-2.003981828689575,0.2421817594760618,sub-032475,EC,28.0
0.2498555958546037,2.4244916439056396,-2.578305244445801,0.24244905380416626,sub-032475,EC,32.0
0.2834009671392107,2.7721922397613525,-2.1631741523742676,0.2103855110368894,sub-032475,EC,36.0
0.23375783637952852,2.2853610515594482,-1.946779489517212,0.3185024424094134,sub-032475,EC,40.0
0.39006724872793597,1.75364351272583,-2.0889735221862793,0.508759775870274,sub-032475,EC,44.0
0.27788972370421006,2.453491687774658,-2.3287224769592285,0.1852655151397936,sub-032475,EC,48.0
0.36410494172520813,2.304550886154175,-2.215338706970215,0.37292361011167907,sub-032475,EC,52.0
1.1037990997246998,0.39613837003707886,-0.38235175609588623,1.1124633268079724,sub-032475,EO,0.0
0.5252205504633805,0.6757137179374695,-0.6525986790657043,0.8968585528877853,sub-032475,EO,4.0
0.7059758208917254,0.855907678604126,-0.7290254831314087,1.0048135583272462,sub-032475,EO,8.0
0.8850595433119768,0.5027049779891968,-1.054814100265503,1.2738298543946454,sub-032475,EO,12.0
0.6486699488278805,0.7944110631942749,-1.1209619045257568,1.131364019391727,sub-032475,EO,16.0
0.8669778339278963,1.0092980861663818,-0.8900464773178101,1.3700918790371683,sub-032475,EO,20.0
1.2996895898254741,0.7226290106773376,-0.7005903124809265,1.5295836550333095,sub-032475,EO,24.0
1.265760781981133,0.3552664518356323,-1.0116770267486572,1.4182069015534595,sub-032475,EO,28.0
0.6541012264717622,1.05393648147583,-1.1858738660812378,1.0850977404049122,sub-032475,EO,32.0
0.49418798000067565,1.4089280366897583,-0.7016245126724243,0.8025559671834496,sub-032475,EO,36.0
0.6696696880067167,1.102064609527588,-0.04174358397722244,0.8043612762476506,sub-032475,EO,40.0
0.6518621935201974,1.04143226146698,-1.1706088781356812,1.0085340837772923,sub-032475,EO,44.0
1.098750518824976,0.2868243455886841,-0.7960745096206665,1.2250000838493738,sub-032475,EO,48.0
0.9096851601416811,0.4057455360889435,0.43946632742881775,0.7170856561912013,sub-032482,EC,0.0
0.6015351165767442,1.0617177486419678,0.6121534705162048,0.4843669391341425,sub-032482,EC,4.0
1.3384028757435602,0.24744577705860138,0.6294876933097839,1.128240743064494,sub-032482,EC,8.0
0.7908809598534631,0.855715811252594,0.26033884286880493,0.7045102121786411,sub-032482,EC,12.0
0.3005485054647816,0.6153022646903992,0.6183013916015625,0.2830893428611624,sub-032482,EC,16.0
0.6729147406141525,0.8575217723846436,-0.25402742624282837,0.731259557405308,sub-032482,EC,20.0
0.6505919519358682,1.2328951358795166,-0.45918911695480347,0.7650388960092886,sub-032482,EC,24.0
1.062121659341551,0.8448969125747681,0.13687404990196228,0.7288870014268451,sub-032482,EC,28.0
0.5684254637356431,0.7766395211219788,0.06452437490224838,0.3510412323864499,sub-032482,EC,32.0
0.8042027581658121,0.3566250801086426,-0.04192574694752693,1.1726371815834322,sub-032482,EC,36.0
1.3107652812648796,-0.0438331663608551,0.36930981278419495,0.9923231325857993,sub-032482,EC,40.0
1.1317738278948042,0.03446093946695328,0.02787186950445175,1.176184298237987,sub-032482,EC,44.0
1.2502031204695363,0.14188337326049805,0.4134658873081207,1.1135730865772833,sub-032482,EC,48.0
0.37796518276124647,0.856573760509491,0.7115320563316345,0.46351198489427614,sub-032482,EO,0.0
0.384603376993613,0.6669405698776245,0.40199440717697144,0.5128134260004487,sub-032482,EO,4.0
0.6489902330765087,0.543117105960846,0.7775894999504089,0.5318986820091961,sub-032482,EO,8.0
0.3126505772087478,1.064619541168213,0.8948639631271362,0.28208805625727784,sub-032482,EO,12.0
0.27582698759760305,0.6753239035606384,0.493488609790802,0.4643731177426851,sub-032482,EO,16.0
0.3065053970875715,0.9118876457214355,0.40881749987602234,0.22356928840522217,sub-032482,EO,20.0
0.8147187979975028,0.552340030670166,0.9249514937400818,0.3052708615189039,sub-032482,EO,24.0
0.6300423087952082,0.5857593417167664,0.2590688169002533,0.7771536314996422,sub-032482,EO,28.0
0.9302341468964459,0.00034231049357913435,0.38951677083969116,1.113179408125632,sub-032482,EO,32.0
1.4182683161058605,0.36365318298339844,0.45887628197669983,1.363779535226104,sub-032482,EO,36.0
0.3118611069975603,0.9572229981422424,0.293527752161026,0.5143097438759114,sub-032482,EO,40.0
1.166172685474249,0.2633495330810547,0.48707807064056396,1.0465618997794053,sub-032482,EO,44.0
0.29460995543984325,0.7400001287460327,0.3092694878578186,0.4598066757151702,sub-032482,EO,48.0
1.08647020102349,0.7483765482902527,-0.6163309216499329,1.045739587688937,sub-032490,EC,0.0
0.7323100078694403,1.2172454595565796,-0.4950292110443115,0.7812218077829491,sub-032490,EC,4.0
1.0949385061355539,1.068285584449768,-0.8241994976997375,1.0666985437051963,sub-032490,EC,8.0
0.6809535888485019,1.2552218437194824,-1.4308781623840332,0.7768070495549814,sub-032490,EC,12.0
0.35023133074642265,1.439697504043579,-1.1366466283798218,0.5275644966428471,sub-032490,EC,16.0
0.2677755059974294,1.6040654182434082,-1.122155785560608,0.29181988500310097,sub-032490,EC,20.0
0.4543404105651363,1.441720962524414,-0.742417573928833,0.47203311977746376,sub-032490,EC,24.0
0.3128303339614663,1.6042449474334717,-1.4813458919525146,0.2556991345895788,sub-032490,EC,28.0
0.3969172842174957,1.3207991123199463,-1.5968496799468994,0.4363795026937234,sub-032490,EC,32.0
0.5009714062547894,1.0757542848587036,-1.4354450702667236,0.627371375974678,sub-032490,EC,36.0
0.7926912263446554,0.8217210173606873,-1.0506260395050049,0.9363323766243798,sub-032490,EC,40.0
0.29009905790096735,1.3682024478912354,-1.3397119045257568,0.36707058914138413,sub-032490,EC,44.0
0.33078901078909917,1.3684327602386475,-1.3491727113723755,0.3212851827717548,sub-032490,EC,48.0
0.35865759619248827,1.5752161741256714,-1.3839420080184937,0.4420791199594817,sub-032490,EC,52.0
1.2395336179769216,0.03554560989141464,0.3787561357021332,1.2117026428495588,sub-032490,EO,0.0
1.0523057858847373,0.2151268571615219,0.6026619076728821,1.03377497212637,sub-032490,EO,4.0
1.0620770767633942,0.0569741427898407,0.5634377598762512,1.1673337773678263,sub-032490,EO,8.0
0.6046035471044526,0.33348748087882996,0.3809846341609955,0.9021983116878468,sub-032490,EO,12.0
0.5113002248261052,0.6816655397415161,0.5130916833877563,0.7054871776393752,sub-032490,EO,16.0
0.9635897116593405,0.07969903945922852,-0.07246481627225876,1.2500892844731202,sub-032490,EO,20.0
1.1177030818188505,0.46894240379333496,0.3808876872062683,1.3438783835452375,sub-032490,EO,24.0
0.9535420352333093,0.5071389675140381,0.8524053692817688,1.2496800559180825,sub-032490,EO,28.0
0.8199651426876061,0.6017600297927856,0.235686257481575,0.9284982279277897,sub-032490,EO,32.0
0.5204834374274617,0.5920186638832092,0.3016294240951538,0.8528271413735634,sub-032490,EO,36.0
0.8152559844174203,0.2763769328594208,-0.02413378842175007,1.1265649810581508,sub-032490,EO,40.0
0.7852012897859509,0.18252214789390564,0.6402309536933899,1.0068488063218042,sub-032490,EO,44.0
0.8369638138995171,-0.3071044683456421,0.6692509055137634,0.9793610304830066,sub-032490,EO,48.0
0.3869870667578952,1.6882107257843018,-0.6491031646728516,0.48522880721354633,sub-032495,EC,0.0
0.3397328860618749,2.008913040161133,-0.7658191919326782,0.4353181902221285,sub-032495,EC,4.0
0.802305639127227,1.5119380950927734,-0.6920856833457947,0.7827654800377419,sub-032495,EC,8.0
0.3810076063591117,1.8433058261871338,-1.2664179801940918,0.7021494643826549,sub-032495,EC,12.0
0.7260237412731041,0.9443024396896362,-0.7271850109100342,0.897880851521808,sub-032495,EC,16.0
0.32089908138428,1.6149097681045532,-0.5468594431877136,0.5800370491392786,sub-032495,EC,20.0
1.2315699328983998,1.574842929840088,-0.5288165807723999,1.125508422202548,sub-032495,EC,24.0
0.5880231131649332,2.000840663909912,-0.6083678007125854,0.6843341846205799,sub-032495,EC,28.0
0.5316984031802741,1.6169850826263428,-1.0687339305877686,0.7952324746348506,sub-032495,EC,32.0
0.7675918868016068,1.4651232957839966,-0.625563383102417,0.8415338743404895,sub-032495,EC,36.0
0.2711058370991596,2.260899782180786,-0.7577823996543884,0.4482889498651462,sub-032495,EC,40.0
0.629021341818758,1.3862372636795044,-1.0574871301651,0.7480773538230052,sub-032495,EC,44.0
0.299047468618426,2.050783157348633,-0.588597297668457,0.5647292024091807,sub-032495,EC,48.0
0.6773901574077492,1.2550996541976929,-0.1569531112909317,0.9801898852001741,sub-032495,EO,0.0
0.9295983789448737,1.2027866840362549,-0.219276562333107,0.9494359548307025,sub-032495,EO,4.0
0.6582003588323166,1.7624940872192383,0.27389970421791077,0.5950017465658366,sub-032495,EO,8.0
0.4377700692651506,1.4115545749664307,-0.6221369504928589,0.6331022825419692,sub-032495,EO,12.0
0.6171278373015556,1.7684452533721924,-0.7201657295227051,0.5619957812501453,sub-032495,EO,16.0
0.43999268880391096,1.6211668252944946,-0.20870399475097656,0.6965247273117535,sub-032495,EO,20.0
0.6297218010053703,2.060819387435913,-0.6654478311538696,0.7612171078296786,sub-032495,EO,24.0
0.7229496548639966,1.374725341796875,-0.6118196845054626,0.9002615599403545,sub-032495,EO,28.0
0.48245565787423594,1.5076104402542114,-0.05736628919839859,0.5227636199728939,sub-032495,EO,32.0
0.5652897768432431,1.332538366317749,-0.15703490376472473,0.7020772981048584,sub-032495,EO,36.0
1.071340093919671,1.0222063064575195,-0.5157014727592468,0.870499741402414,sub-032495,EO,40.0
0.48740861674798963,1.447340726852417,-0.4762694239616394,0.736445622633491,sub-032495,EO,44.0
0.8935371891281605,1.4491418600082397,-0.6939244270324707,0.7589347934830706,sub-032495,EO,48.0
0.1644543666170285,2.12451434135437,-1.8089522123336792,0.13739296268843837,sub-032496,EC,0.0
0.25021723124766315,2.1896755695343018,-1.8289316892623901,0.16511950183596547,sub-032496,EC,4.0
0.4616864800274323,2.4827096462249756,-2.672046422958374,0.4331921178950131,sub-032496,EC,8.0
0.25756696603632623,2.249166488647461,-1.6103219985961914,0.2077693259923048,sub-032496,EC,12.0
0.18356573764762352,1.785494327545166,-1.6037284135818481,0.224462422594624,sub-032496,EC,16.0
0.20915235865158155,1.7175861597061157,-1.329905390739441,0.23250669939715773,sub-032496,EC,20.0
0.28046433771873336,1.7010136842727661,-1.5866882801055908,0.17180588976949862,sub-032496,EC,24.0
0.5283021789163564,2.1766443252563477,-2.7483561038970947,0.5489712897830499,sub-032496,EC,28.0
0.20899683713064687,2.1303024291992188,-1.485379695892334,0.16076182709260933,sub-032496,EC,32.0
0.18177866956888833,2.0459277629852295,-1.541270136833191,0.11066387971389424,sub-032496,EC,36.0
0.1568118975406111,1.7429090738296509,-1.223178744316101,0.11475500591590859,sub-032496,EC,40.0
0.7295289717961455,1.7713963985443115,-2.36218523979187,1.013879320148964,sub-032496,EC,44.0
0.566525264176555,2.322052001953125,-1.796689748764038,0.5536542693785624,sub-032496,EC,48.0
0.6676962656489209,2.3047192096710205,-1.8714467287063599,0.6659029453026016,sub-032496,EC,52.0
0.5905520841429791,0.990058958530426,0.1396418809890747,0.43252269441335967,sub-032496,EO,0.0
0.9307548009517239,1.315269112586975,-0.24496868252754211,0.7161436969091755,sub-032496,EO,4.0
1.1738210352604588,1.1516697406768799,0.03079685941338539,1.0508780510345108,sub-032496,EO,8.0
0.7238961279673268,1.6609792709350586,-0.797701895236969,0.4650521760569546,sub-032496,EO,20.0
1.2189138271680575,0.9411569237709045,0.24962615966796875,1.0623143682583196,sub-032496,EO,24.0
1.0222498418114188,1.370302677154541,-0.4811423718929291,1.0026180898089407,sub-032496,EO,28.0
1.2502333979075382,1.3025026321411133,-0.9632815718650818,0.9461021089023072,sub-032496,EO,32.0
1.0337040951049388,1.725333571434021,-1.5618290901184082,0.8889225984699459,sub-032496,EO,36.0
1.1485633049409096,1.6773761510849,-1.3337528705596924,1.1323231107589722,sub-032496,EO,40.0
1.1719780644314934,1.1929374933242798,-0.15074865520000458,1.0165137693371409,sub-032496,EO,44.0
0.6465755710683456,1.6841647624969482,-1.017876386642456,0.6015261235093523,sub-032496,EO,48.0
