subject,state,n_windows,score,score_average19,log_posterior_frontal_alpha,log_theta_alpha,score_first30,score_last30
sub-032303,EC,13,0.3455261782817838,0.4168460178629515,1.295120120048523,-0.7077598571777344,0.32642644658267994,0.38009800164024876
sub-032303,EO,14,0.736096729268809,0.9251510142620332,0.6382144689559937,0.01966860145330429,0.4025410016317801,0.9231829666527476
sub-032308,EC,14,0.44644432953959307,0.6820881478386421,2.4276167154312134,-2.0815958976745605,0.3573578452028306,0.4748951062047822
sub-032308,EO,14,0.709618837517215,0.970543896736117,1.0139783024787903,0.09953707829117775,0.4016186004685537,1.1142754023313608
sub-032318,EC,11,0.29877749100947426,0.37272171079694694,2.8552494049072266,-1.5183287858963013,0.2986965132873126,0.3079564291431093
sub-032318,EO,11,0.5692402582738126,0.6458656574354682,2.147392749786377,-0.5205313563346863,0.6167520612253323,0.696708255723614
sub-032331,EC,13,1.2974642764314983,0.9994726410470021,0.5218643546104431,0.07289130985736847,1.1321172555427663,0.6754792155418894
sub-032331,EO,13,0.7319547050879271,0.9400745742488903,0.9679050445556641,0.015544797293841839,0.6368681915709817,0.8838513317391321
sub-032337,EC,14,0.45731154020931986,0.6448109865848912,2.212032675743103,-1.6605046391487122,0.4726752166448631,0.45688857993007204
sub-032337,EO,14,0.8605315482801568,1.10368010319146,1.1276069283485413,-0.3365400731563568,0.8287382721210974,0.8605315482801568
sub-032338,EC,14,0.720120585625841,0.8778357293224923,1.1056803464889526,0.4895457327365875,0.7215393261468168,0.8609129332475349
sub-032338,EO,14,1.0117473980785197,0.8501997543841419,0.8898061513900757,0.6721121072769165,0.7752016023430568,1.1334061371291888
sub-032340,EC,11,0.7996193017249563,0.8647042401605247,1.0268877744674683,-0.31633591651916504,0.8499911505304143,0.6805357086354069
sub-032340,EO,12,0.8525078945959734,0.9073010763986089,1.1897960305213928,-0.11640234291553497,0.9074600884769011,0.7975557007150457
sub-032341,EC,14,0.4177713744218256,0.6515391550536721,0.8597630560398102,0.4313582181930542,0.5190508454456957,0.3557898974731652
sub-032341,EO,12,0.9183228093763467,1.049994666356236,0.4733368754386902,-0.034085300751030445,0.9362107464402422,0.8197546312623238
sub-032342,EC,14,0.4320434597124792,0.6877041447665432,1.7475491166114807,-0.7204833328723907,0.6007718789470885,0.39580469998699686
sub-032342,EO,10,0.5781834785037955,0.7411840613917531,1.1845656633377075,0.2740468680858612,0.5742912886642867,0.6087700485745664
sub-032343,EC,13,0.30463009163334687,0.46673828092869507,1.8753482103347778,-0.09886307269334793,0.3171901294972113,0.2509273636423659
sub-032343,EO,10,0.7020386931539181,0.9532956268848167,1.116893708705902,0.5883205235004425,0.7208868367708536,0.5876700586005313
sub-032347,EC,13,0.2732006785797857,0.34262642004950616,1.3403191566467285,-1.8602086305618286,0.3222452063412223,0.2831220220612293
sub-032347,EO,14,1.0496334655519657,1.1143443567541804,0.07008526660501957,-0.6915220618247986,0.9030336990248422,1.15230064770032
sub-032372,EC,13,0.31442163826431824,0.5358977692033289,1.3967227935791016,-1.172386884689331,0.3989659621238457,0.31442163826431824
sub-032372,EO,14,0.7185564228515186,0.8533440122271656,1.0475605130195618,-1.2769522666931152,0.8788953147574952,0.5132468631227283
sub-032373,EC,11,0.32760744773265216,0.32000757451145256,0.7132606506347656,-1.6118478775024414,0.333466312695436,0.32760744773265216
sub-032373,EO,7,0.9835206978775278,1.39000644965989,-0.029723914340138435,-1.0395629405975342,0.9723074032638257,1.1674009629724278
sub-032375,EC,12,0.16598647228730318,0.23350139711087337,2.38688588142395,-1.2673755288124084,0.16682539381404604,0.11265029572468155
sub-032375,EO,13,0.6142532303675101,0.6980449561653136,1.5224602222442627,0.23765802383422852,0.6687580853154408,0.5994508329940924
sub-032376,EC,14,0.39690592123143137,0.47589942266704527,1.46861732006073,-1.9882317185401917,0.3598567136161938,0.39690592123143137
sub-032376,EO,13,0.8364741084295084,0.8177720495742918,1.0767098665237427,-0.0977359190583229,0.9922184918764863,0.5849241144342809
sub-032379,EC,14,0.4386402115735964,0.5914375454750204,0.9483669102191925,-0.292252779006958,1.1471472869878887,0.24043339559942173
sub-032379,EO,14,1.0751652921835295,1.4270263993209236,0.36496594548225403,0.10865405201911926,1.057941877463425,1.0444723459453114
sub-032380,EC,13,0.2998989253403892,0.5143356629544602,1.9410128593444824,-0.17402146756649017,0.45346641142632776,0.294587343508371
sub-032380,EO,14,0.6223980931098233,0.9730208894529162,1.338197946548462,0.21131816506385803,0.5528054866256916,0.6856746600390624
sub-032415,EC,14,0.5311752530970959,0.6275311766148508,1.723608136177063,-0.941499263048172,0.561705207439614,0.42170861316574426
sub-032415,EO,13,0.4837088129480809,0.5669808068262294,1.3358027935028076,0.08920717239379883,0.5719260465738016,0.43739373327892295
sub-032430,EC,14,0.18836435172866983,0.28431929808010614,2.7572356462478638,-2.089199423789978,0.18966238882197944,0.17196133116355877
sub-032430,EO,12,1.0338122700966668,1.1602651116025156,0.8794934451580048,-0.4508800357580185,0.9664400409514808,1.0194692096459597
sub-032431,EC,14,0.6388960055388151,0.6753876618712116,1.0231314897537231,0.02220425964333117,0.9600468784376257,0.5248195523531831
sub-032431,EO,14,0.38592070094135417,0.5186415886154578,1.0970754027366638,0.0971972644329071,0.2045270877968573,0.7316291557936172
sub-032442,EC,13,0.4256619722898316,0.46626893840217354,2.0502724647521973,-0.712722659111023,0.420299922079628,0.4378057077845037
sub-032442,EO,14,0.8380527347669984,0.7834832643609759,1.186484158039093,0.390532910823822,0.5754239610513096,1.0359035885633014
sub-032451,EC,14,0.28565467577593157,0.48021095541299474,2.1429526805877686,-1.6099988222122192,0.2175816626537852,0.3015225756803673
sub-032451,EO,14,1.0027828025033378,1.0779971465721045,0.4257069081068039,-0.37408632040023804,1.1085646856805091,1.0289049989477241
sub-032454,EC,14,0.2308529550235,0.2850896123831749,2.5792715549468994,-2.543446183204651,0.21203720758269134,0.2326256953022635
sub-032454,EO,14,0.4313470801641216,0.7546518172436556,1.6773942708969116,-0.9510056376457214,0.36144372369014083,0.5005760444901614
sub-032455,EC,14,0.27894231437113637,0.3521584144584299,2.79075825214386,-1.9755839109420776,0.27894231437113637,0.2892901180013213
sub-032455,EO,13,0.5546906790239665,0.852936029868253,0.9908028841018677,-0.5727423429489136,0.51733330867407,0.82982597553737
sub-032456,EC,14,0.30704460662616245,0.4124904368402787,1.882104754447937,-1.0025210976600647,0.28923848212818576,0.28038604400395134
sub-032456,EO,13,0.7811195657187984,1.0504863034289835,0.9588980674743652,-0.5827046632766724,0.7965875105851781,0.7811195657187984
sub-032458,EC,13,0.43272022791293796,0.6274318535515115,1.6297179460525513,-0.4594961404800415,0.6565343483940732,0.3333126909856303
sub-032458,EO,14,0.4856729330091034,0.4852340934428804,1.2975348830223083,-0.28608861565589905,0.36920371041626165,0.6203772314054539
sub-032459,EC,14,0.6673938750081037,0.7090558191215235,1.354099690914154,-0.48832088708877563,0.46153879923180574,0.7242042686242063
sub-032459,EO,11,1.2089701959672932,1.1794499091918262,0.5635772943496704,0.4846460521221161,1.1796825937058135,1.4252106138986305
sub-032462,EC,13,0.6157565741512396,0.7505319709445013,1.2942413091659546,-1.4529871940612793,0.6835573049897001,0.7107213521825567
sub-032462,EO,14,0.9961835805451487,1.091814065446999,0.7116070985794067,-0.6812774538993835,1.2617791146702806,0.8982768568637309
sub-032463,EC,14,0.4774910735988776,0.6691559748737742,0.9462795853614807,0.1814657524228096,0.534851249384375,0.44820579925141624
sub-032463,EO,14,0.6974613018555357,0.832280523011554,0.9511778056621552,0.48972105979919434,0.38840396165201485,0.8219352623335617
sub-032475,EC,14,0.2806453454217104,0.2036325287103441,2.4296205043792725,-2.2457852363586426,0.32858954074010815,0.2806453454217104
sub-032475,EO,13,0.7059758208917254,1.1124633268079724,0.7944110631942749,-0.7960745096206665,0.7864768274098108,0.6541012264717622
sub-032482,EC,13,0.8042027581658121,0.731259557405308,0.6153022646903992,0.26033884286880493,0.7318978502338078,1.1317738278948042
sub-032482,EO,13,0.384603376993613,0.5128134260004487,0.6669405698776245,0.45887628197669983,0.3453078799849971,0.9302341468964459
sub-032490,EC,14,0.425628847391316,0.49979880821015543,1.3445007801055908,-1.2381792664527893,0.7066317983589712,0.377787440204992
sub-032490,EO,13,0.8369638138995171,1.03377497212637,0.2763769328594208,0.3809846341609955,1.007947748772039,0.8152559844174203
sub-032495,EC,13,0.5316984031802741,0.7021494643826549,1.6169850826263428,-0.6920856833457947,0.38399733655850343,0.5316984031802741
sub-032495,EO,13,0.6297218010053703,0.736445622633491,1.447340726852417,-0.4762694239616394,0.6376640980669361,0.5652897768432431
sub-032496,EC,14,0.2538920986419947,0.2161158742934644,2.1274083852767944,-1.7035058736801147,0.22968479494962235,0.38776105065360095
sub-032496,EO,11,1.0337040951049388,0.9461021089023072,1.315269112586975,-0.4811423718929291,0.8273254644595254,1.1485633049409096
